spot_id,spot_name,course_id,region_id,course_seq,time_move,div_inout,tema_name
101,남호구택,1,271,1,0,실외,체험/학습/산업
102,춘양목 송이마을,1,271,2,3,실외,자연/힐링
103,지림사,1,271,3,6,실외,종교/역사/전통
104,계서당(성이성 생가),1,271,4,9,실외,문화/예술
201,영국사,2,332,1,0,실외,종교/역사/전통
202,난계국악박물관/난계국악기체험전수관,2,332,2,3,실내,종교/역사/전통
203,송호국민관광지캠핑장,2,332,3,9,실외,캠핑/스포츠
301,일월산,3,334,1,0,실외,자연/힐링
302,두메송하마을,3,334,2,2,실외,체험/학습/산업
303,영양시장,3,334,3,6,실외,쇼핑/놀이
304,국립 검마산자연휴양림,3,334,4,9,실외,자연/힐링
401,법주사,4,226,1,0,실외,종교/역사/전통
402,선병국 가옥,4,226,2,2,실외,종교/역사/전통
403,삼년산성,4,226,3,5,실외,종교/역사/전통
404,비단강숲마을,4,332,4,8,실외,자연/힐링
501,화양동야영장,5,309,1,0,실외,캠핑/스포츠
502,화양동계곡 트레킹,5,309,2,3,실외,캠핑/스포츠
503,오장환문학관,5,226,3,5,실내,종교/역사/전통
504,정이품송,5,226,4,9,실외,자연/힐링
601,미동산수목원,6,131,1,0,실외,자연/힐링
602,문의문화재단지,6,131,2,3,실외,종교/역사/전통
603,청남대,6,131,3,6,실내,종교/역사/전통
604,상수허브랜드,6,131,4,9,실외,자연/힐링
701,몽산포캠핑장,7,352,1,0,실외,캠핑/스포츠
702,안면암,7,352,2,2,실외,종교/역사/전통
703,꽃지해수욕장,7,352,3,4,실외,자연/힐링
704,고남패총박물관,7,352,4,6,실내,종교/역사/전통
705,대천항,7,235,5,8,실외,자연/힐링
801,괴목정,8,302,1,0,실외,자연/힐링
802,사계고택,8,302,2,3,실외,종교/역사/전통
803,개태사,8,315,3,6,실외,종교/역사/전통
804,KT&G 상상마당 논산 캠핑장,8,315,4,9,실외,캠핑/스포츠
901,명재고택,9,315,1,0,실외,종교/역사/전통
902,백제군사박물관/계백장군유적지,9,315,2,2,실외,종교/역사/전통
903,관촉사,9,315,3,7,실외,종교/역사/전통
904,KT&G 상상마당 논산 캠핑장,9,315,4,9,실외,캠핑/스포츠
1001,방자구이마을,10,235,1,0,실외,자연/힐링
1002,금강하구둑 관광지,10,323,2,2,실외,자연/힐링
1003,국립생태원,10,323,3,5,실내,자연/힐링
1004,장항 솔숲,10,323,4,7,실외,자연/힐링
1005,이색체험마을,10,323,5,10,실외,체험/학습/산업
1101,슬로시티 대흥,11,335,1,0,실외,자연/힐링
1102,봉수산 자연휴양림,11,335,2,3,실외,자연/힐링
1103,광시 한우거리,11,335,3,5,실외,쇼핑/놀이
1104,덕산온천 관광호텔,11,335,4,8,실내,자연/힐링
1201,삼길포항,12,129,1,0,실외,자연/힐링
1202,부석사,12,129,2,2,실외,종교/역사/전통
1203,천수만/간월암,12,129,3,5,실외,자연/힐링
1204,안면도자연휴양림,12,352,4,9,실외,자연/힐링
1301,밤벌오토캠핑장,13,300,1,0,실외,캠핑/스포츠
1302,유명산 자연휴양림,13,300,2,3,실외,자연/힐링
1303,대리마을 산골농원,13,300,3,6,실외,체험/학습/산업
1304,어비계곡,13,300,4,9,실외,자연/힐링
1401,오봉산 석굴암,14,330,1,0,실외,종교/역사/전통
1402,송추유원지,14,330,2,2,실외,자연/힐링
1403,신흥레저타운,14,330,3,5,실외,자연/힐링
1404,장흥아트파크,14,330,4,7,실내,문화/예술
1405,장흥해일농장,14,330,5,10,실외,캠핑/스포츠
1501,국립부여박물관,15,236,1,0,실내,종교/역사/전통
1502,정림사지,15,236,2,3,실외,종교/역사/전통
1503,시우리 캠핑장,15,236,3,6,실외,캠핑/스포츠
1504,부소산성,15,236,4,9,실외,종교/역사/전통
1601,이효석문화마을,16,353,1,0,실외,문화/예술
1602,허브나라 농원,16,353,2,3,실내,자연/힐링
1603,마가리캠핑장,16,353,3,6,실외,캠핑/스포츠
1604,흥정계곡,16,353,4,9,실외,자연/힐링
1701,아침고요수목원,17,300,1,0,실외,자연/힐링
1702,자라섬오토캠핑장,17,300,2,4,실외,캠핑/스포츠
1703,남이섬,17,300,3,8,실외,자연/힐링
1801,삼봉해수욕장,18,352,1,0,실외,자연/힐링
1802,꽃지해수욕장,18,352,2,1,실외,자연/힐링
1803,안면도자연휴양림,18,352,3,3,실외,자연/힐링
1804,홀리데이파크 캠핑카라반,18,352,4,5,실외,캠핑/스포츠
1805,팜카밀레허브농원,18,352,5,8,실외,자연/힐링
1806,안흥성,18,352,6,10,실외,종교/역사/전통
1901,백화산,19,352,1,0,실외,자연/힐링
1902,신두리해안사구,19,352,2,2,실외,자연/힐링
1903,학암포오토캠핑장,19,352,3,5,실외,캠핑/스포츠
1904,구름포해수욕장,19,352,4,7,실외,자연/힐링
1905,천리포수목원,19,352,5,10,실외,자연/힐링
2001,유관순열사 유적지,20,232,1,0,실외,종교/역사/전통
2002,병천순대 거리,20,232,2,3,실외,쇼핑/놀이
2003,아우내오토캠핑장,20,232,3,5,실외,캠핑/스포츠
2004,광덕사,20,232,4,8,실외,종교/역사/전통
2101,추사 고택,21,335,1,0,실외,종교/역사/전통
2102,예당 관광지,21,335,2,1,실외,자연/힐링
2103,의좋은 형제공원,21,335,3,3,실외,체험/학습/산업
2104,봉수산 자연휴양림,21,335,4,4,실외,자연/힐링
2105,임존성,21,335,5,5,실외,종교/역사/전통
2106,예당저수지야영장,21,335,6,6,실외,캠핑/스포츠
2107,충의사/예덕상무사,21,335,7,7,실외,종교/역사/전통
2108,수덕사,21,335,8,10,실내,종교/역사/전통
2109,리솜 스파 캐슬,21,335,9,11,실내,자연/힐링
2201,세계꽃식물원,22,326,1,0,실내,자연/힐링
2202,파라다이스 스파도고,22,326,2,2,실내,자연/힐링
2203,영인산 자연휴양림,22,326,3,5,실외,자연/힐링
2204,피나클랜드,22,326,4,7,실외,자연/힐링
2205,공세리 성당,22,326,5,10,실내,종교/역사/전통
2301,춘장대해수욕장,23,323,1,0,실외,자연/힐링
2302,홍원항,23,323,2,1,실외,자연/힐링
2303,마량리 동백나무 숲,23,323,3,3,실외,자연/힐링
2304,마량포구,23,323,4,5,실외,자연/힐링
2305,희리산자연휴양림,23,323,5,6,실외,자연/힐링
2306,성북리 오층석탑,23,323,6,8,실외,종교/역사/전통
2307,월하성 어촌 체험 마을,23,323,7,10,실외,체험/학습/산업
2401,대천항,24,235,1,0,실외,자연/힐링
2402,외연도,24,235,2,4,실외,자연/힐링
2403,무창포 해수욕장,24,235,3,8,실외,자연/힐링
2501,해남윤씨 녹우당,25,261,1,0,실내,종교/역사/전통
2502,달마산과 미황사,25,261,2,2,실외,종교/역사/전통
2503,땅끝관광지/땅끝모노레일카,25,261,3,5,실외,쇼핑/놀이
2504,대죽마을,25,261,4,10,실외,체험/학습/산업
2601,아르미애월드,26,201,1,0,실외,체험/학습/산업
2602,석모도,26,112,2,2,실외,자연/힐링
2603,함허동천 야영장,26,201,3,5,실외,캠핑/스포츠
2604,마니산(참성단),26,201,4,7,실외,자연/힐링
2605,전등사,26,201,5,10,실내,종교/역사/전통
2701,백령도,27,102,1,0,실외,자연/힐링
2702,콩돌해변,27,102,2,5,실외,자연/힐링
2703,해안절경 유람선,27,102,3,7,실외,자연/힐링
2704,심청각,27,102,4,9,실외,종교/역사/전통
2705,연화마을,27,102,5,10,실외,자연/힐링
2801,장성호관광지,28,343,1,0,실외,자연/힐링
2802,고불총림 백양사,28,343,2,2,실외,종교/역사/전통
2803,가인야영장,28,343,3,4,실외,캠핑/스포츠
2804,축령산휴양림,28,343,4,5,실외,자연/힐링
2805,홍길동생가,28,343,5,8,실외,종교/역사/전통
2806,필암서원,28,343,6,10,실외,종교/역사/전통
3001,우이도,30,325,1,0,실외,자연/힐링
3002,우이도 돈목 해수욕장,30,325,2,2,실외,자연/힐링
3003,도초 시목 해수욕장,30,325,3,3,실외,자연/힐링
3004,서남문대교,30,325,4,5,실외,자연/힐링
3005,비금도 내촌마을 옛 담장,30,325,5,7,실외,종교/역사/전통
3006,비금 해수욕장,30,325,6,9,실외,자연/힐링
3007,비금도 대동염전,30,325,7,10,실외,종교/역사/전통
3101,관방제림,31,317,1,0,실외,자연/힐링
3102,죽녹원,31,317,2,2,실외,자연/힐링
3103,죽향문화체험마을,31,317,3,4,실외,체험/학습/산업
3104,대나무골 테마공원,31,317,4,6,실외,자연/힐링
3105,금성 산성,31,317,5,8,실외,자연/힐링
3106,가마골계곡,31,317,6,10,실외,자연/힐링
3201,섬진강 매화마을,32,266,1,0,실외,자연/힐링
3202,백운산자연휴양림,32,266,2,4,실외,자연/힐링
3203,옥룡사지(동백나무숲),32,266,3,8,실외,자연/힐링
3204,중흥사,32,266,4,12,실외,종교/역사/전통
3301,하늘내들꽃마을,33,248,1,0,실외,자연/힐링
3302,논개사당,33,248,2,2,실외,종교/역사/전통
3303,장수향교,33,248,3,4,실외,종교/역사/전통
3304,방화동 가족휴가촌,33,248,4,6,실외,캠핑/스포츠
3305,장안산군립공원,33,248,5,8,실외,자연/힐링
3306,논개생가마을,33,248,6,10,실외,자연/힐링
3401,성당포구마을,34,342,1,0,실외,체험/학습/산업
3402,두동교회 구본당,34,342,2,2,실외,종교/역사/전통
3403,웅포관광지캠핑장,34,342,3,5,실외,캠핑/스포츠
3404,숭림사,34,342,4,7,실외,종교/역사/전통
3405,함라마을 옛 담장,34,342,5,10,실외,종교/역사/전통
3501,호명호수공원,35,300,1,0,실외,자연/힐링
3502,청평호반,35,300,2,2,실외,자연/힐링
3503,밤벌오토캠핑장,35,300,3,5,실외,캠핑/스포츠
3504,국립 유명산자연휴양림,35,300,4,8,실외,자연/힐링
3505,어비계곡,35,300,5,10,실외,자연/힐링
3601,포도향이 흐르는 마을,36,300,1,0,실외,체험/학습/산업
3602,가평향교,36,300,2,2,실외,종교/역사/전통
3603,자라섬오토캠핑장,36,300,3,4,실외,캠핑/스포츠
3604,자연과별천문대,36,300,4,5,실내,체험/학습/산업
3605,자라섬,36,300,5,8,실외,문화/예술
3606,산장관광지,36,300,6,10,실외,캠핑/스포츠
3701,안흥 찐빵마을,37,362,1,0,실외,체험/학습/산업
3702,둔내자연휴양림,37,362,2,3,실외,자연/힐링
3703,숲체원,37,362,3,6,실외,자연/힐링
3704,국립 청태산자연휴양림,37,362,4,9,실외,자연/힐링
3801,흥정계곡,38,353,1,0,실외,자연/힐링
3802,허브나라농원,38,353,2,2,실외,자연/힐링
3803,솔섬오토캠핑장,38,353,3,4,실외,캠핑/스포츠
3804,이효석문화마을,38,353,4,7,실외,종교/역사/전통
3805,로하스가든 와카푸카,38,353,5,10,실내,체험/학습/산업
3901,울진금강소나무림,39,130,1,0,실외,자연/힐링
3902,불영사,39,130,2,2,실외,종교/역사/전통
3903,망양정,39,130,3,4,실외,종교/역사/전통
3904,월송정,39,130,4,6,실외,종교/역사/전통
3905,후포항,39,130,5,8,실외,쇼핑/놀이
3906,백암온천,39,130,6,10,실내,자연/힐링
4001,임고서원,40,281,1,0,실외,종교/역사/전통
4002,숭렬당,40,281,2,2,실외,종교/역사/전통
4003,치산관광지캠핑장,40,281,3,4,실외,캠핑/스포츠
4004,은해사,40,281,4,7,실외,종교/역사/전통
4005,거조암,40,281,5,10,실외,종교/역사/전통
4101,순흥 벽화 고분,41,272,1,0,실외,종교/역사/전통
4102,성혈사,41,272,2,1,실외,종교/역사/전통
4103,소수서원/선비촌,41,272,3,3,실외,종교/역사/전통
4104,마구령,41,272,4,5,실외,자연/힐링
4105,고치령,41,272,5,6,실외,자연/힐링
4106,마락청소년야영장,41,272,6,8,실외,캠핑/스포츠
4107,부석사,41,272,7,10,실외,종교/역사/전통
4201,상림공원,42,264,1,0,실외,자연/힐링
4202,오도재와 지리산조망공원,42,264,2,2,실외,자연/힐링
4203,지리산자연휴양림,42,264,3,4,실외,자연/힐링
4204,서암정사,42,264,4,6,실외,종교/역사/전통
4205,벽송사,42,264,5,8,실외,종교/역사/전통
4206,산머루마을,42,264,6,10,실외,체험/학습/산업
4301,공룡알화석지,43,359,1,0,실외,체험/학습/산업
4302,제부도,43,359,2,2,실외,자연/힐링
4303,해솔마을캠핑장,43,359,3,5,실외,캠핑/스포츠
4304,용주사,43,359,4,7,실외,종교/역사/전통
4305,융릉과 건릉,43,359,5,10,실외,종교/역사/전통
4401,산사원,44,355,1,0,실내,종교/역사/전통
4402,캠핑라운지,44,355,2,2,실외,캠핑/스포츠
4403,평강식물원,44,355,3,5,실외,자연/힐링
4404,산정호수,44,355,4,7,실외,자연/힐링
4405,한가원,44,355,5,10,실내,체험/학습/산업
4501,율곡선생유적지,45,99,1,0,실외,종교/역사/전통
4502,화석정,45,99,2,1,실외,종교/역사/전통
4503,홀리데이파크 캠핑,45,99,3,3,실외,캠핑/스포츠
4504,임진각관광지,45,99,4,5,실외,종교/역사/전통
4505,반구정/황희선생영당,45,99,5,7,실외,종교/역사/전통
4506,헤이리예술마을,45,99,6,9,실외,문화/예술
4507,오두산통일전망대,45,99,7,10,실외,종교/역사/전통
4601,벽초지수목원,46,99,1,0,실외,자연/힐링
4602,마장저수지(반디캠프),46,99,2,2,실외,캠핑/스포츠
4603,보광사,46,99,3,5,실외,종교/역사/전통
4604,용미리석불입상,46,99,4,7,실외,종교/역사/전통
4605,파주삼릉,46,99,5,10,실외,종교/역사/전통
4701,정령치,47,247,1,0,실외,자연/힐링
4702,실상사,47,247,2,3,실외,종교/역사/전통
4703,백장암(삼층석탑),47,247,3,6,실외,종교/역사/전통
4704,달궁오토캠핑장,47,247,4,9,실외,캠핑/스포츠
4801,정암루,48,263,1,0,실외,종교/역사/전통
4802,충익사,48,263,2,3,실외,종교/역사/전통
4803,한우산,48,263,3,6,실외,자연/힐링
4804,벽계관광지,48,263,4,9,실외,자연/힐링
4901,상족암군립공원,49,305,1,0,실외,자연/힐링
4902,문수암,49,305,2,3,실외,종교/역사/전통
4903,당항포관광지,49,305,3,8,실외,체험/학습/산업
5001,한라수목원,50,184,1,0,실외,자연/힐링
5002,천왕사,50,184,2,3,실외,종교/역사/전통
5003,어승생악,50,184,3,6,실외,자연/힐링
5004,서귀포자연휴양림,50,189,4,9,실외,자연/힐링
5101,금원산,51,284,1,0,실외,자연/힐링
5102,금원산자연휴양림,51,284,2,8,실외,자연/힐링
5201,트릭아이미술관,52,108,1,0,실내,체험/학습/산업
5202,KT&G 상상마당,52,108,2,2,실내,문화/예술
5203,홍대벽화거리&포시즌하우스,52,108,3,3,실외,문화/예술
5204,공연장,52,108,4,5,실내,문화/예술
5301,KBS온(견학홀),53,108,1,0,실내,문화/예술
5302,여의도 공원,53,108,2,1,실외,자연/힐링
5303,IFC 몰,53,108,3,3,실내,쇼핑/놀이
5304,63시티,53,108,4,4,실내,문화/예술
5401,DMC홍보관,54,108,1,0,실내,체험/학습/산업
5402,디지털파빌리온,54,108,2,1,실내,체험/학습/산업
5403,한국영화박물관,54,108,3,2,실내,체험/학습/산업
5404,월드컵공원,54,108,4,4,실외,자연/힐링
5501,남대문시장,55,108,1,0,실외,쇼핑/놀이
5502,명동거리,55,108,2,1,실외,쇼핑/놀이
5503,종로보석상가,55,108,3,3,실내,쇼핑/놀이
5504,인사동 전통시장,55,108,4,4,실외,쇼핑/놀이
5601,남산 & N서울타워,56,108,1,0,실외,체험/학습/산업
5602,남산야외식물원,56,108,2,1,실외,자연/힐링
5603,안중근기념관,56,108,3,3,실내,종교/역사/전통
5604,남산골한옥마을,56,108,4,4,실외,종교/역사/전통
5701,롯데월드,57,108,1,0,실외,쇼핑/놀이
5702,코엑스몰,57,108,2,4,실내,문화/예술
5703,압구정 로데오거리,57,108,3,8,실외,쇼핑/놀이
5801,광진교 8번가,58,108,1,0,실내,문화/예술
5802,뚝섬 전망문화콤플렉스,58,108,2,2,실내,문화/예술
5803,반포대교 세빛둥둥섬 & 달빛분수,58,108,3,3,실내,문화/예술
5804,한강(여의도),58,108,4,5,실외,자연/힐링
5901,한국현대문학관,59,108,1,0,실내,체험/학습/산업
5902,국립극장,59,108,2,2,실내,문화/예술
5903,소월길,59,108,3,3,실외,자연/힐링
5904,문학의집&이희승기념시비,59,108,4,5,실내,문화/예술
6001,아리랑고개,60,108,1,0,실외,종교/역사/전통
6002,창신동 백남준생가 터,60,108,2,1,실외,종교/역사/전통
6003,박수근 집&작업실,60,108,3,3,실외,종교/역사/전통
6004,답십리고미술상가,60,108,4,4,실외,문화/예술
6101,홍난파 가옥,61,108,1,0,실외,종교/역사/전통
6102,새문길 박물관거리,61,108,2,1,실외,체험/학습/산업
6103,정동길,61,108,3,2,실외,종교/역사/전통
6104,서울시립미술관,61,108,4,3,실내,문화/예술
6105,덕수궁미술관,61,108,5,4,실내,문화/예술
6201,소마미술관,62,108,1,0,실내,문화/예술
6202,예술의 전당 & 한가람미술관,62,108,2,2,실내,문화/예술
6203,국립현대미술관 과천관,62,308,3,4,실내,문화/예술
6301,세종문화회관,63,108,1,0,실내,문화/예술
6302,대한민국역사박물관,63,108,2,1,실내,종교/역사/전통
6303,삼청동 갤러리 거리,63,108,3,3,실외,문화/예술
6304,국립현대미술관 서울관,63,108,4,4,실내,문화/예술
6401,삼성미술관 플라토,64,108,1,0,실내,문화/예술
6402,문화역 서울284,64,108,2,1,실내,종교/역사/전통
6403,국립중앙박물관,64,108,3,3,실내,종교/역사/전통
6404,삼성미술관 리움,64,108,4,5,실내,문화/예술
6501,세종대왕 나신 곳,65,108,1,0,실외,종교/역사/전통
6502,이상 집터,65,108,2,1,실외,종교/역사/전통
6503,박노수미술관,65,108,3,1,실내,문화/예술
6504,대림미술관,65,108,4,2,실내,문화/예술
6505,윤동주 시인의 언덕,65,108,5,3,실외,문화/예술
6506,석파정 & 서울미술관,65,108,6,4,실내,문화/예술
6507,환기미술관,65,108,7,4,실내,문화/예술
6601,삼성딜라이트,66,108,1,0,실내,체험/학습/산업
6602,미디어폴,66,108,2,2,실외,체험/학습/산업
6603,강남역 지하쇼핑센터,66,108,3,3,실내,쇼핑/놀이
6604,신사동 가로수길,66,108,4,5,실외,쇼핑/놀이
6701,국립서울과학관,67,108,1,0,실내,체험/학습/산업
6702,한전아트센터 내 전기박물관,67,108,2,2,실내,체험/학습/산업
6703,여의도 금융마루&증권거래소,67,108,3,4,실내,체험/학습/산업
6801,T.um(티움/SK텔레콤 체험관),68,108,1,0,실내,체험/학습/산업
6802,KT올레스퀘어,68,108,2,2,실내,체험/학습/산업
6803,용산전자상가,68,108,3,4,실내,쇼핑/놀이
6901,명동 대성당,69,108,1,0,실내,종교/역사/전통
6902,김범우의 집 터,69,108,2,1,실외,종교/역사/전통
6903,이벽의 집 터(수표교),69,108,3,1,실외,종교/역사/전통
6904,좌포도청 터,69,108,4,2,실외,종교/역사/전통
6905,종로성당,69,108,5,3,실내,종교/역사/전통
6906,혜화동 카톨릭대학교 성신교정,69,108,6,3,실외,종교/역사/전통
6907,북촌한옥마을 석정보름우물,69,108,7,4,실외,종교/역사/전통
6908,가회동 성당,69,108,8,4,실내,종교/역사/전통
7001,가회동 성당,70,108,1,0,실내,종교/역사/전통
7002,형조 터,70,108,2,1,실외,종교/역사/전통
7003,우포도청 터,70,108,3,1,실외,종교/역사/전통
7004,경기감영 터,70,108,4,2,실외,종교/역사/전통
7005,서소문 밖 네거리 순교성지,70,108,5,2,실외,종교/역사/전통
7006,중림동 약현성당,70,108,6,3,실내,종교/역사/전통
7101,중림동 약현성당,71,108,1,0,실내,종교/역사/전통
7102,당고개 순교성지,71,108,2,1,실외,종교/역사/전통
7103,왜고개 성지,71,108,3,3,실외,종교/역사/전통
7104,새남터 순교성지,71,108,4,4,실외,종교/역사/전통
7105,절두산 순교성지,71,108,5,6,실외,종교/역사/전통
7201,구로공단 장터길,72,108,1,0,실외,체험/학습/산업
7202,산업화와 노동자의 길,72,108,2,2,실외,체험/학습/산업
7203,작가들이 사랑한 구로공단길,72,108,3,3,실외,체험/학습/산업
7301,교현 우이령길 입구,73,330,1,0,실외,자연/힐링
7302,교현탐방지원센터,73,330,2,2,실외,자연/힐링
7303,석굴암,73,330,3,3,실외,종교/역사/전통
7304,오봉산 전망대,73,330,4,5,실외,자연/힐링
7305,대전차 장애물,73,108,5,6,실외,종교/역사/전통
7306,우이 우이령길 입구,73,108,6,8,실외,자연/힐링
7401,봉은사,74,108,1,0,실외,종교/역사/전통
7402,영화사,74,108,2,2,실외,종교/역사/전통
7403,조계사,74,108,3,4,실외,종교/역사/전통
7404,봉원사,74,108,4,5,실외,종교/역사/전통
7405,승가사,74,108,5,7,실외,종교/역사/전통
7501,천호역,75,108,1,0,실외,자연/힐링
7502,미래마을/풍납토성,75,108,2,1,실외,종교/역사/전통
7503,칠지도 상징물,75,108,3,3,실외,종교/역사/전통
7504,몽촌토성,75,108,4,4,실외,종교/역사/전통
7505,한성백제박물관,75,108,5,5,실내,종교/역사/전통
7601,흥인지문,76,108,1,0,실외,종교/역사/전통
7602,평화시장 벽화,76,108,2,1,실외,문화/예술
7603,동대문디자인플라자,76,108,3,1,실내,문화/예술
7604,동대문역사문화공원,76,108,4,2,실외,종교/역사/전통
7605,동대문 실크로드 이정표,76,108,5,3,실외,종교/역사/전통
7606,훈련원 공원,76,108,6,3,실외,자연/힐링
7607,방산시장,76,108,7,4,실외,쇼핑/놀이
7608,광장시장,76,108,8,4,실외,쇼핑/놀이
7701,장충단공원(수표교),77,108,1,0,실외,종교/역사/전통
7702,서울 한양도성,77,108,2,1,실외,종교/역사/전통
7703,국립극장,77,108,3,2,실내,문화/예술
7704,봉수대,77,108,4,2,실외,종교/역사/전통
7705,N서울타워,77,108,5,3,실외,종교/역사/전통
7706,안중근의사기념관,77,108,6,3,실내,종교/역사/전통
7801,북촌문화센터,78,108,1,0,실내,종교/역사/전통
7802,가회동 11번지 한옥촌,78,108,2,1,실외,종교/역사/전통
7803,한상수자수공방,78,108,3,1,실내,종교/역사/전통
7804,가회민화박물관,78,108,4,2,실내,종교/역사/전통
7805,가회동 31번지 한옥촌,78,108,5,2,실외,종교/역사/전통
7806,북촌생활사박물관,78,108,6,3,실내,종교/역사/전통
7901,장릉,79,121,1,0,실외,종교/역사/전통
7902,민둥산,79,217,2,4,실외,자연/힐링
7903,강원랜드 카지노 체험,79,217,3,8,실내,쇼핑/놀이
7904,태백산,79,216,4,12,실외,자연/힐링
8001,한과 체험 전시관,80,105,1,0,실내,종교/역사/전통
8002,오죽헌,80,105,2,2,실외,종교/역사/전통
8003,경포대,80,105,3,4,실외,자연/힐링
8004,낙산사,80,329,4,6,실외,종교/역사/전통
8005,휴휴암,80,329,5,8,실외,자연/힐링
8006,물치항회센터,80,329,6,10,실내,쇼핑/놀이
8101,용소막성당,81,114,1,0,실내,종교/역사/전통
8102,당나귀 타는 원시마을,81,121,2,3,실외,체험/학습/산업
8103,태백산,81,216,3,9,실외,자연/힐링
8201,연꽃단지,82,361,1,0,실외,자연/힐링
8202,감성마을,82,361,2,1,실외,자연/힐링
8203,평화의 댐,82,361,3,1,실외,자연/힐링
8204,강촌유원지,82,101,4,3,실외,자연/힐링
8205,문배마을,82,101,5,6,실외,자연/힐링
8206,남이섬,82,300,6,7,실외,자연/힐링
8207,별마로천문대,82,121,7,9,실내,체험/학습/산업
8301,정선5일장,83,217,1,0,실외,쇼핑/놀이
8302,아우라지,83,217,2,1,실외,종교/역사/전통
8303,타임캡슐공원,83,217,3,3,실외,자연/힐링
8304,아리랑학교,83,217,4,6,실내,종교/역사/전통
8305,아라리촌,83,217,5,7,실외,종교/역사/전통
8306,병방치스카이워크,83,217,6,9,실외,자연/힐링
8307,화암동굴,83,217,7,10,실내,자연/힐링
8401,무령왕릉,84,307,1,0,실외,종교/역사/전통
8402,공산성,84,307,2,1,실외,자연/힐링
8403,금강신관공원,84,307,3,2,실외,자연/힐링
8404,밤토랑 마을,84,307,4,3,실외,체험/학습/산업
8405,부소산성,84,236,5,5,실외,종교/역사/전통
8406,낙화암/고란사,84,236,6,7,실외,종교/역사/전통
8407,궁남지,84,236,7,9,실외,종교/역사/전통
8408,백제문화단지,84,236,8,11,실외,종교/역사/전통
8501,보석사,85,238,1,0,실외,종교/역사/전통
8502,금산인삼관,85,238,2,2,실외,체험/학습/산업
8503,인삼약초시장,85,238,3,5,실외,쇼핑/놀이
8504,금강생태과학체험장,85,238,4,7,실외,체험/학습/산업
8505,칠백의총,85,238,5,10,실외,종교/역사/전통
8601,공세리성당,86,326,1,0,실내,종교/역사/전통
8602,솔뫼성지,86,318,2,2,실외,종교/역사/전통
8603,아라메길(2구간),86,129,3,4,실외,자연/힐링
8604,정순왕후생가,86,129,4,6,실외,종교/역사/전통
8605,해미읍성,86,129,5,8,실외,종교/역사/전통
8606,해미순교성지,86,129,6,10,실외,종교/역사/전통
8701,칠갑산오토캠핑장,87,349,1,0,실외,캠핑/스포츠
8702,칠갑산천문대,87,349,2,1,실내,체험/학습/산업
8703,장승공원,87,349,3,2,실외,자연/힐링
8704,장곡사,87,349,4,3,실외,종교/역사/전통
8705,고운식물원,87,349,5,3,실외,자연/힐링
8706,홍원항,87,323,6,5,실외,체험/학습/산업
8707,동백정(동백나무숲),87,323,7,7,실외,자연/힐링
8708,송림산림욕장,87,323,8,8,실외,자연/힐링
8709,조류생태전시관,87,323,9,9,실내,체험/학습/산업
8710,국립생태원,87,323,10,10,실외,체험/학습/산업
8711,국립해양생물자원관,87,323,11,11,실내,체험/학습/산업
8801,세계 꽃 식물원,88,326,1,0,실외,자연/힐링
8802,레일바이크/코미디홀,88,326,2,2,실외,캠핑/스포츠
8803,옹기 및 발효음식 전시체험관,88,326,3,5,실외,체험/학습/산업
8804,도고온천,88,326,4,6,실내,자연/힐링
8805,봉곡사,88,326,5,8,실외,종교/역사/전통
8806,외암민속마을,88,326,6,9,실외,체험/학습/산업
8807,맹사성고택,88,326,7,10,실외,종교/역사/전통
8808,환경과학공원,88,326,8,11,실외,체험/학습/산업
8809,온양민속박물관,88,326,9,12,실외,체험/학습/산업
8810,현충사,88,326,10,14,실외,종교/역사/전통
8811,온양온천,88,326,11,15,실내,자연/힐링
8901,용현리 마애여래삼존상,89,129,1,0,실외,종교/역사/전통
8902,개심사,89,129,2,1,실외,종교/역사/전통
8903,해미읍성,89,129,3,4,실외,종교/역사/전통
8904,간월암,89,129,4,5,실외,종교/역사/전통
8905,버드랜드,89,129,5,7,실외,체험/학습/산업
8906,나비아이,89,129,6,8,실외,체험/학습/산업
9001,금산인삼축제,90,238,1,0,실외,체험/학습/산업
9002,인삼약초시장,90,238,2,1,실외,쇼핑/놀이
9003,개삼터공원,90,238,3,3,실외,자연/힐링
9004,보석사,90,238,4,5,실외,종교/역사/전통
9005,십이폭포,90,238,5,6,실외,자연/힐링
9006,산림문화타운 생태숲,90,238,6,8,실외,자연/힐링
9007,어죽마을,90,238,7,9,실외,체험/학습/산업
9008,금강생태과학체험장 금강솔바람길,90,238,8,12,실외,자연/힐링
9009,지구촌민속박물관,90,238,9,13,실외,종교/역사/전통
9010,칠백의총,90,238,10,15,실외,종교/역사/전통
9101,홍원항,91,323,1,0,실외,체험/학습/산업
9102,동백정,91,323,2,2,실외,자연/힐링
9103,송림산림욕장,91,323,3,5,실외,자연/힐링
9104,조류생태전시관,91,323,4,8,실내,체험/학습/산업
9201,칠갑산천문대,92,349,1,0,실내,체험/학습/산업
9202,칠갑산오토캠핑장,92,349,2,4,실외,캠핑/스포츠
9203,장승공원,92,349,3,8,실외,자연/힐링
9204,장곡사,92,349,4,9,실외,종교/역사/전통
9205,고운식물원,92,349,5,10,실외,자연/힐링
9301,덕산온천,93,335,1,0,실내,자연/힐링
9302,슬로시티 대흥,93,335,2,3,실외,자연/힐링
9303,봉수산 자연휴양림,93,335,3,6,실외,자연/힐링
9304,예당관광지,93,335,4,9,실외,캠핑/스포츠
9401,동학농민혁명기념관/황토현전적지,94,245,1,0,실외,종교/역사/전통
9402,유애사유허비,94,245,2,2,실외,종교/역사/전통
9403,전봉준장군 고택,94,245,3,3,실외,체험/학습/산업
9404,말목장터와 감나무,94,245,4,5,실외,종교/역사/전통
9405,만석보,94,245,5,6,실외,종교/역사/전통
9406,초록바위,94,146,6,7,실외,종교/역사/전통
9407,풍남문/한옥마을/buy전라북도상품관,94,146,7,8,실외,종교/역사/전통
9408,삼례봉기 역사광장,94,338,8,9,실외,종교/역사/전통
9409,삼례문화촌(삼삼예예미미),94,338,9,11,실외,문화/예술
9501,선운사 도솔암 마애불,95,172,1,0,실외,종교/역사/전통
9502,병바위/책바위,95,172,2,1,실외,자연/힐링
9503,전봉준장군 생가터,95,172,3,2,실외,종교/역사/전통
9504,만석보,95,245,4,4,실외,종교/역사/전통
9505,전봉준장군 피체지,95,254,5,5,실외,종교/역사/전통
9506,강천산,95,254,6,7,실외,자연/힐링
9507,임실치즈체험센터,95,244,7,8,실내,체험/학습/산업
9508,한옥마을/경기전/전주동학혁명기념관,95,146,8,10,실외,종교/역사/전통
9601,동학농민혁명기념관/황토현전적지,96,245,1,0,실내,종교/역사/전통
9602,전봉준장군 생가터,96,172,2,1,실외,종교/역사/전통
9603,선운사 도솔암 마애불/병바위/책바위,96,172,3,2,실외,종교/역사/전통
9604,전봉준장군 고택,96,245,4,3,실외,체험/학습/산업
9605,만석보,96,245,5,4,실외,종교/역사/전통
9606,백산성,96,243,6,6,실외,종교/역사/전통
9607,초록 바위,96,146,7,7,실외,종교/역사/전통
9608,풍남문,96,146,8,9,실외,종교/역사/전통
9609,경기전,96,146,9,9,실외,종교/역사/전통
9610,덕진공원,96,146,10,10,실외,자연/힐링
9611,삼례봉기 역사광장,96,338,11,11,실외,종교/역사/전통
9701,만석보,97,245,1,0,실외,종교/역사/전통
9702,전봉준장군 고택,97,245,2,0,실외,체험/학습/산업
9703,동학농민혁명기념관/황토현전적지,97,245,3,1,실외,종교/역사/전통
9704,충열사,97,245,4,2,실외,종교/역사/전통
9705,전봉준장군 생가터,97,172,5,3,실외,종교/역사/전통
9706,선운사 도솔암 마애불/병바위/책바위,97,172,6,4,실외,종교/역사/전통
9707,전봉준장군 피체지,97,254,7,5,실외,종교/역사/전통
9708,강천산,97,254,8,7,실외,자연/힐링
9709,초록바위,97,146,9,8,실외,종교/역사/전통
9710,한옥마을,97,146,10,9,실외,종교/역사/전통
9711,경기전,97,146,11,9,실외,종교/역사/전통
9712,풍남문/buy전라북도상품관,97,146,12,10,실외,종교/역사/전통
9713,덕진공원,97,146,13,10,실외,자연/힐링
9714,삼례봉기 역사광장,97,338,14,11,실외,종교/역사/전통
9715,삼례문화촌(삼삼예예미미),97,338,15,11,실외,종교/역사/전통
9801,마이산,98,345,1,0,실외,자연/힐링
9802,창작공예공방 체험,98,345,2,2,실내,체험/학습/산업
9803,한지박물관,98,146,3,4,실내,종교/역사/전통
9804,조경단,98,146,4,7,실외,종교/역사/전통
9805,한옥마을,98,146,5,10,실외,종교/역사/전통
9901,한지박물관,99,146,1,0,실내,종교/역사/전통
9902,한옥마을,99,146,2,2,실외,종교/역사/전통
9903,홍삼스파,99,345,3,5,실내,자연/힐링
9904,마이산,99,345,4,7,실외,자연/힐링
9905,창작공예공방,99,345,5,10,실내,종교/역사/전통
10001,만일사,100,254,1,0,실외,종교/역사/전통
10002,황산대첩비지,100,247,2,1,실외,종교/역사/전통
10003,국악의 성지,100,247,3,4,실내,종교/역사/전통
10004,성수산 휴양림,100,244,4,5,실외,자연/힐링
10005,상이암,100,244,5,7,실외,종교/역사/전통
10006,사선대,100,244,6,9,실외,자연/힐링
10007,한옥마을,100,146,7,10,실외,종교/역사/전통
10101,마이산,101,345,1,0,실외,자연/힐링
10102,황산대첩비지,101,247,2,2,실외,종교/역사/전통
10103,국악의 성지,101,247,3,4,실내,종교/역사/전통
10104,만일사,101,254,4,6,실외,종교/역사/전통
10105,한옥마을,101,146,5,9,실외,종교/역사/전통
10201,한지박물관,102,146,1,0,실내,체험/학습/산업
10202,한옥마을,102,146,2,1,실외,종교/역사/전통
10203,상이암,102,244,3,2,실외,종교/역사/전통
10204,만일사,102,254,4,5,실외,종교/역사/전통
10205,황산대첩비지,102,247,5,7,실외,종교/역사/전통
10206,마이산,102,345,6,10,실외,자연/힐링
10301,만일사,103,254,1,0,실외,종교/역사/전통
10302,황산대첩비지,103,247,2,1,실외,종교/역사/전통
10303,국악의 성지,103,247,3,3,실내,종교/역사/전통
10304,항공우주천문대,103,247,4,3,실내,체험/학습/산업
10305,성수산 휴양림,103,244,5,4,실외,자연/힐링
10306,상이암,103,244,6,6,실외,종교/역사/전통
10307,임실치즈테마파크,103,244,7,7,실외,체험/학습/산업
10308,한옥마을,103,146,8,8,실외,종교/역사/전통
10309,한지박물관,103,146,9,9,실내,체험/학습/산업
10310,마이산 탐방,103,345,10,10,실외,자연/힐링
10311,창작공예공방,103,345,11,11,실내,체험/학습/산업
10401,황산대첩비지,104,247,1,0,실외,종교/역사/전통
10402,만일사,104,254,2,1,실외,종교/역사/전통
10403,성수산 휴양림,104,244,3,3,실외,자연/힐링
10404,상이암,104,244,4,5,실외,종교/역사/전통
10405,치즈테마파크,104,244,5,6,실외,체험/학습/산업
10406,홍삼스파,104,345,6,8,실내,자연/힐링
10407,마이산,104,345,7,9,실외,자연/힐링
10408,한옥마을,104,146,8,10,실외,종교/역사/전통
10501,섬진강(증기기관차/레일바이크),105,306,1,0,실외,자연/힐링
10502,광양제철소,105,266,2,2,실외,체험/학습/산업
10503,광양항(홍보관),105,266,3,6,실외,체험/학습/산업
10504,2012여수세계박람회장(홍보관),105,168,4,8,실외,종교/역사/전통
10505,선소,105,168,5,10,실외,종교/역사/전통
10506,진남관,105,168,6,11,실외,종교/역사/전통
10601,증도 소금박물관,106,325,1,0,실외,체험/학습/산업
10602,갯벌생태전시관,106,325,2,4,실내,종교/역사/전통
10603,자연사박물관/국립해양유물전시관,106,165,3,8,실내,체험/학습/산업
10604,F1경기장,106,333,4,12,실외,쇼핑/놀이
10605,전라남도 농업박물관,106,333,5,14,실내,체험/학습/산업
10701,드라마세트장,107,174,1,0,실외,문화/예술
10702,순천만자연생태공원,107,174,2,4,실외,자연/힐링
10703,국립청소년우주체험센터,107,262,3,8,실내,체험/학습/산업
10704,우주과학관/나로우주센터,107,262,4,10,실내,체험/학습/산업
10705,우주천문과학관,107,262,5,16,실내,체험/학습/산업
10706,소록도,107,262,6,17,실외,자연/힐링
10707,순천낙안읍성민속마을,107,174,7,18,실외,종교/역사/전통
10801,우항리공룡화석지,108,261,1,0,실외,체험/학습/산업
10802,두륜산케이블카,108,261,2,2,실외,자연/힐링
10803,땅끝전망대,108,261,3,5,실외,자연/힐링
10804,청해진유적,108,170,4,8,실외,종교/역사/전통
10805,소세포(드라마세트장),108,170,5,9,실외,문화/예술
10806,불목리(드라마세트장),108,170,6,10,실외,문화/예술
10807,다산초당,108,259,7,11,실외,종교/역사/전통
10808,영랑생가,108,259,8,14,실외,종교/역사/전통
10809,전라남도 농업박물관,108,333,9,16,실내,체험/학습/산업
10810,F1경주장,108,333,10,18,실외,쇼핑/놀이
10811,자연사박물관/국립해양유물전시관,108,165,11,20,실내,체험/학습/산업
10901,운주사,109,360,1,0,실외,종교/역사/전통
10902,고인돌군,109,360,2,1,실외,종교/역사/전통
10903,서재필기념공원,109,258,3,4,실외,자연/힐링
10904,한국차소리문화공원,109,258,4,6,실외,자연/힐링
10905,보성다원,109,258,5,8,실외,자연/힐링
10906,정남진천문과학관,109,260,6,10,실내,체험/학습/산업
10907,고려청자도요지,109,259,7,13,실외,종교/역사/전통
10908,왕인박사유적지,109,333,8,16,실외,종교/역사/전통
10909,구림전통마을,109,333,9,17,실외,종교/역사/전통
10910,마한문화공원,109,333,10,18,실외,체험/학습/산업
11001,노고단(성삼재),110,310,1,0,실외,자연/힐링
11002,화엄사,110,310,2,2,실외,종교/역사/전통
11003,섬진강기차마을,110,306,3,5,실외,자연/힐링
11004,송광사,110,174,4,8,실외,종교/역사/전통
11005,낙안읍성민속마을,110,174,5,10,실외,자연/힐링
11006,순천만자연생태공원,110,174,6,13,실외,자연/힐링
11007,2012여수세계박람회장(홍보관),110,168,7,16,실내,종교/역사/전통
11008,선소,110,168,8,17,실외,종교/역사/전통
11009,진남관,110,168,9,18,실외,종교/역사/전통
11010,오동도,110,168,10,19,실외,자연/힐링
11101,주왕산국립공원,111,276,1,0,실외,자연/힐링
11102,주산지,111,276,2,1,실외,자연/힐링
11103,절골,111,276,3,3,실외,자연/힐링
11104,얼음골,111,276,4,5,실외,자연/힐링
11105,자연휴양림,111,276,5,7,실외,자연/힐링
11106,신성계곡,111,276,6,9,실외,자연/힐링
11107,백석탄,111,276,7,10,실외,자연/힐링
11201,진호국제양궁장,112,336,1,0,실외,체험/학습/산업
11202,예천온천,112,336,2,1,실내,자연/힐링
11203,천문과학문화센터,112,336,3,2,실내,체험/학습/산업
11204,곤충생태체험관,112,336,4,4,실외,체험/학습/산업
11205,학가산우래자연휴양림,112,336,5,5,실외,자연/힐링
11206,효자 도시복 생가,112,336,6,7,실외,종교/역사/전통
11207,회룡포,112,336,7,10,실외,자연/힐링
11301,대릉원(천마총) 가는길,113,283,1,0,실외,자연/힐링
11302,첨성대,113,283,2,1,실외,종교/역사/전통
11303,석빙고,113,283,3,4,실외,종교/역사/전통
11304,안압지,113,283,4,5,실외,종교/역사/전통
11305,불국사,113,283,5,7,실외,종교/역사/전통
11306,석굴암,113,283,6,8,실외,종교/역사/전통
11307,보문관광단지,113,283,7,10,실외,자연/힐링
11401,도동항,114,115,1,0,실외,체험/학습/산업
11402,독도박물관(약수공원),114,115,2,2,실외,종교/역사/전통
11403,독도전망대케이블카,114,115,3,5,실외,자연/힐링
11404,독도관광,114,115,4,7,실외,자연/힐링
11405,도동항,114,115,5,10,실외,자연/힐링
11501,도동항,115,115,1,0,실외,체험/학습/산업
11502,봉래폭포,115,115,2,2,실외,자연/힐링
11503,내수전일출전망대,115,115,3,5,실외,자연/힐링
11504,행남해안산책로,115,115,4,7,실외,자연/힐링
11505,도동항,115,115,5,9,실외,체험/학습/산업
11601,도동항,116,115,1,0,실외,체험/학습/산업
11602,성인봉(나리분지),116,115,2,3,실외,자연/힐링
11603,죽도관광,116,115,3,5,실외,자연/힐링
11604,도동항,116,115,4,9,실외,체험/학습/산업
11701,왕피천엑스포공원,117,130,1,0,실외,자연/힐링
11702,성류굴,117,130,2,2,실내,자연/힐링
11703,월송정,117,130,3,4,실외,종교/역사/전통
11704,백암온천,117,130,4,7,실내,자연/힐링
11705,백암산,117,130,5,10,실외,자연/힐링
11801,불영사·불영사계곡,118,130,1,0,실외,종교/역사/전통
11802,민물고기 생태체험관,118,130,2,2,실내,체험/학습/산업
11803,망양정,118,130,3,4,실외,종교/역사/전통
11804,덕구계곡·덕구온천,118,130,4,6,실외,자연/힐링
11805,금강송 군락지,118,130,5,9,실외,자연/힐링
11901,오십천,119,277,1,0,실외,자연/힐링
11902,팔각산,119,277,2,2,실외,자연/힐링
11903,강구항,119,277,3,5,실외,체험/학습/산업
11904,경보화석박물관,119,277,4,8,실외,체험/학습/산업
11905,부경온천,119,277,5,10,실외,자연/힐링
12001,삼사해상공원,120,277,1,0,실외,자연/힐링
12002,강구항,120,277,2,1,실외,체험/학습/산업
12003,풍력발전단지,120,277,3,3,실외,체험/학습/산업
12004,해맞이공원,120,277,4,4,실외,자연/힐링
12005,신돌석장군유적지,120,277,5,6,실외,종교/역사/전통
12006,인량리전통마을,120,277,6,7,실외,체험/학습/산업
12007,괴시리전통마을,120,277,7,9,실외,체험/학습/산업
12008,고래불해수욕장,120,277,8,10,실외,자연/힐링
12101,삼릉,121,283,1,0,실외,종교/역사/전통
12102,상선암,121,283,2,1,실외,종교/역사/전통
12103,금오산,121,283,3,1,실외,자연/힐링
12104,금오정,121,283,4,4,실외,종교/역사/전통
12105,마애삼존불,121,283,5,5,실외,종교/역사/전통
12106,포석정,121,283,6,7,실외,종교/역사/전통
12107,옥룡암,121,283,7,8,실외,종교/역사/전통
12108,장창지,121,283,8,9,실외,종교/역사/전통
12109,부처골감실여래좌상,121,283,9,10,실외,종교/역사/전통
12110,보리사,121,283,10,11,실외,종교/역사/전통
12201,신라역사과학관,122,283,1,0,실외,종교/역사/전통
12202,불국사,122,283,2,2,실외,종교/역사/전통
12203,석굴암,122,283,3,4,실외,종교/역사/전통
12204,토함산 자연휴양림,122,283,4,7,실외,자연/힐링
12205,국립경주박물관,122,283,5,9,실내,종교/역사/전통
12301,방사광가속연구소,123,138,1,0,실내,체험/학습/산업
12302,포스코역사관,123,138,2,3,실내,체험/학습/산업
12303,장기읍성,123,138,3,6,실외,종교/역사/전통
12304,호미곶해맞이광장/국립등대박물관,123,138,4,8,실외,자연/힐링
12305,일월지,123,138,5,10,실외,자연/힐링
12401,경상북도수목원,124,138,1,0,실외,자연/힐링
12402,보경사,124,138,2,2,실외,종교/역사/전통
12403,내연산,124,138,3,5,실외,자연/힐링
12404,환호해맞이공원,124,138,4,8,실외,자연/힐링
12501,한티성지,125,351,1,0,실외,종교/역사/전통
12502,가산산성,125,351,2,2,실외,종교/역사/전통
12503,송정자연휴양림,125,351,3,4,실외,자연/힐링
12504,성베네딕도왜관수도원,125,351,4,6,실외,종교/역사/전통
12505,가실(낙산) 성당,125,351,5,8,실내,종교/역사/전통
12506,신나무골성지,125,351,6,10,실외,종교/역사/전통
12601,다부동전적기념관,126,351,1,0,실내,종교/역사/전통
12602,유학산6.25격전지,126,351,2,2,실외,종교/역사/전통
12603,도개온천,126,351,3,5,실내,자연/힐링
12604,낙동강구철교,126,351,4,7,실외,종교/역사/전통
12605,왜관전적기념관,126,351,5,10,실내,종교/역사/전통
12701,참외생태학습관,127,324,1,0,실외,체험/학습/산업
12702,가야산야생화식물원,127,324,2,4,실외,자연/힐링
12703,녹색농촌마을,127,285,3,8,실외,체험/학습/산업
12801,세종대왕자태실,128,324,1,0,실외,종교/역사/전통
12802,성산동고분군,128,324,2,1,실외,종교/역사/전통
12803,성밖숲,128,324,3,4,실외,자연/힐링
12804,가야산,128,324,4,5,실외,자연/힐링
12805,한개마을,128,324,5,8,실외,체험/학습/산업
12806,감응사,128,324,6,10,실외,종교/역사/전통
12901,우륵박물관,129,303,1,0,실내,종교/역사/전통
12902,대가야고분관광로,129,303,2,3,실외,자연/힐링
12903,개실마을,129,303,3,6,실외,체험/학습/산업
12904,백산초등학교,129,303,4,9,실외,체험/학습/산업
13001,양전동암각화,130,303,1,0,실외,종교/역사/전통
13002,대가야박물관,130,303,2,2,실내,종교/역사/전통
13003,지산동고분군,130,303,3,3,실외,종교/역사/전통
13004,고천원공원,130,303,4,5,실외,자연/힐링
13005,대가야문화학교,130,303,5,7,실내,체험/학습/산업
13006,반룡사,130,303,6,8,실외,종교/역사/전통
13007,김면장군유적,130,303,7,10,실외,종교/역사/전통
13101,운문댐,131,348,1,0,실외,자연/힐링
13102,운문사,131,348,2,2,실외,종교/역사/전통
13103,운문산자연휴양림,131,348,3,4,실외,자연/힐링
13104,동창천삼족대,131,348,4,7,실외,종교/역사/전통
13105,처진소나무,131,348,5,9,실외,자연/힐링
13201,경북대 자연사박물관,132,311,1,0,실내,체험/학습/산업
13202,신비의소나무,132,311,2,3,실외,자연/힐링
13203,장곡자연휴양림,132,311,3,6,실외,자연/힐링
13204,옹기나라 도예체험(인각사/화산산성),132,311,4,9,실내,체험/학습/산업
13301,갓바위,133,301,1,0,실외,자연/힐링
13302,원효암,133,301,2,2,실외,종교/역사/전통
13303,제석사,133,301,3,4,실외,종교/역사/전통
13304,도동재,133,301,4,6,실외,종교/역사/전통
13305,상대온천관광호텔,133,301,5,8,실내,자연/힐링
13306,영남대박물관,133,301,6,10,실내,종교/역사/전통
13401,압량유적,134,301,1,0,실외,종교/역사/전통
13402,영남대박물관,134,301,2,2,실내,종교/역사/전통
13403,임당동고분군,134,301,3,5,실외,종교/역사/전통
13404,석정온천,134,301,4,7,실내,자연/힐링
13405,계정숲(한장군묘),134,301,5,9,실외,종교/역사/전통
13501,오리장림,135,281,1,0,실외,자연/힐링
13502,보현산천문대,135,281,2,2,실내,체험/학습/산업
13503,정각별빛마을,135,281,3,5,실외,체험/학습/산업
13504,영천댐호반도로,135,281,4,7,실외,자연/힐링
13505,임고서원,135,281,5,10,실외,종교/역사/전통
13601,은해사,136,281,1,0,실외,종교/역사/전통
13602,보현자연수련원,136,281,2,2,실내,캠핑/스포츠
13603,돌할매,136,281,3,6,실외,종교/역사/전통
13604,만불산,136,281,4,9,실외,자연/힐링
13701,박정희대통령생가,137,279,1,0,실내,종교/역사/전통
13702,지주중류비,137,279,2,2,실외,종교/역사/전통
13703,채미정,137,279,3,3,실외,종교/역사/전통
13704,약사암,137,279,4,5,실외,종교/역사/전통
13705,법성사,137,279,5,7,실외,종교/역사/전통
13706,금오지,137,279,6,9,실외,자연/힐링
13707,자연환경연수원,137,279,7,10,실내,체험/학습/산업
13801,죽장리 오층석탑,138,279,1,0,실외,종교/역사/전통
13802,도개(전모례가정/신라불교초전지마을),138,279,2,2,실외,종교/역사/전통
13803,일선리문화재단지,138,279,3,5,실외,문화/예술
13804,선산(해평) 낙산 삼층 석탑,138,279,4,7,실외,종교/역사/전통
13805,도리사,138,279,5,9,실외,종교/역사/전통
13901,용화사,139,312,1,0,실외,종교/역사/전통
13902,직지사,139,312,2,4,실외,종교/역사/전통
13903,황학산,139,312,3,8,실외,자연/힐링
14001,청암사,140,312,1,0,실외,종교/역사/전통
14002,수도암,140,312,2,3,실외,종교/역사/전통
14003,옛날솜씨마을,140,312,3,6,실외,체험/학습/산업
14004,강변조각공원,140,312,4,8,실외,자연/힐링
14101,고선계곡,141,271,1,0,실외,자연/힐링
14102,청옥산/자연휴양림,141,271,2,4,실외,자연/힐링
14103,백천계곡,141,271,3,9,실외,자연/힐링
14201,만산고택 권진사댁,142,271,1,0,실외,종교/역사/전통
14202,각화사(태백산사고지),142,271,2,2,실외,종교/역사/전통
14203,금강소나무숲 산책로,142,271,3,4,실외,자연/힐링
14204,오전약수관광지,142,271,4,7,실외,자연/힐링
14205,축서사,142,271,5,9,실외,종교/역사/전통
14301,청량산박물관,143,271,1,0,실내,종교/역사/전통
14302,청량산(청량사),143,271,2,2,실외,종교/역사/전통
14303,이나리강변,143,271,3,4,실외,자연/힐링
14304,다덕약수관광지,143,271,4,7,실외,자연/힐링
14305,닭실마을,143,271,5,10,실외,체험/학습/산업
14401,예천진호 국제양궁장,144,336,1,0,실외,체험/학습/산업
14402,양수발전소,144,336,2,2,실내,체험/학습/산업
14403,산업곤충박물관,144,336,3,5,실내,종교/역사/전통
14404,천문과학문화센터,144,336,4,7,실내,문화/예술
14405,예천온천,144,336,5,10,실내,자연/힐링
14501,회룡포,145,336,1,0,실외,자연/힐링
14502,용문사,145,336,2,2,실외,종교/역사/전통
14503,금당실마을,145,336,3,5,실외,체험/학습/산업
14504,학가산/우래자연휴양림,145,336,4,7,실외,자연/힐링
14505,보문사,145,336,5,10,실외,종교/역사/전통
14601,선바위관광지구,146,334,1,0,실외,체험/학습/산업
14602,반딧불이생태공원,146,334,2,2,실외,자연/힐링
14603,검마산자연휴양림,146,334,3,4,실외,자연/힐링
14604,일월산,146,334,4,7,실외,자연/힐링
14605,일원산 자생화공원,146,334,5,10,실외,자연/힐링
14701,이문열과 두들마을,147,334,1,0,실외,체험/학습/산업
14702,오일도,147,334,2,1,실외,종교/역사/전통
14703,감천마을,147,334,3,3,실외,체험/학습/산업
14704,조지훈과 주실마을,147,334,4,4,실외,체험/학습/산업
14705,수하청소년수련원,147,334,5,6,실내,자연/힐링
14706,금경연과 금촌마을,147,334,6,7,실외,체험/학습/산업
14707,서석지(연당마을),147,334,7,10,실외,체험/학습/산업
14801,달기약수,148,276,1,0,실외,자연/힐링
14802,주왕산·대전사,148,276,2,2,실외,종교/역사/전통
14803,주산지,148,276,3,4,실외,자연/힐링
14804,얼음골,148,276,4,6,실외,자연/힐링
14805,자연휴양림,148,276,5,8,실외,자연/힐링
14806,신성계곡,148,276,6,10,실외,자연/힐링
14901,야송미술관,149,276,1,0,실내,문화/예술
14902,진보옹기체험관,149,276,2,2,실외,체험/학습/산업
14903,한지장·예술의 집,149,276,3,4,실내,체험/학습/산업
14904,양수발전소,149,276,4,6,실내,체험/학습/산업
14905,송소고택,149,276,5,8,실외,종교/역사/전통
14906,방호정,149,276,6,10,실외,종교/역사/전통
15001,사촌마을,150,278,1,0,실외,체험/학습/산업
15002,고운사,150,278,2,2,실외,종교/역사/전통
15003,교촌농촌체험마을,150,278,3,4,실외,체험/학습/산업
15004,비안향교,150,278,4,7,실외,종교/역사/전통
15005,대곡사(비봉산),150,278,5,9,실외,자연/힐링
15101,산운마을,151,278,1,0,실외,체험/학습/산업
15102,금성산고분군,151,278,2,2,실외,종교/역사/전통
15103,탑산약수온천,151,278,3,4,실내,자연/힐링
15104,의성향교,151,278,4,7,실외,종교/역사/전통
15105,고운사,151,278,5,9,실외,종교/역사/전통
15201,경천호,152,273,1,0,실외,자연/힐링
15202,김용사,152,273,2,4,실외,종교/역사/전통
15203,대승사,152,273,3,8,실외,종교/역사/전통
15301,문경활공장,153,273,1,0,실외,체험/학습/산업
15302,사계절썰매장,153,273,2,3,실외,캠핑/스포츠
15303,철로자전거,153,273,3,6,실외,캠핑/스포츠
15304,불정자연휴양림,153,273,4,8,실외,자연/힐링
15305,관광사격장,153,273,5,10,실외,캠핑/스포츠
15401,도자기전시관,154,273,1,0,실내,문화/예술
15402,문경세재 1~3관문,154,273,2,2,실외,종교/역사/전통
15403,청운각,154,273,3,4,실외,종교/역사/전통
15404,고모산성(토천),154,273,4,6,실외,종교/역사/전통
15405,석탄박물관,154,273,5,8,실내,종교/역사/전통
15406,연개소문 촬영장,154,273,6,10,실외,체험/학습/산업
15501,문장대,155,137,1,0,실외,종교/역사/전통
15502,용유계곡,155,137,2,2,실외,자연/힐링
15503,병천농촌체험마을,155,137,3,5,실외,체험/학습/산업
15504,동학교당,155,137,4,7,실외,종교/역사/전통
15505,성주봉자연휴양림,155,137,5,10,실외,자연/힐링
15601,충의사,156,137,1,0,실외,종교/역사/전통
15602,상주박물관,156,137,2,2,실내,종교/역사/전통
15603,경천대,156,137,3,5,실외,종교/역사/전통
15604,임란북천전적지,156,137,4,7,실외,종교/역사/전통
15605,갑장산,156,137,5,9,실외,자연/힐링
15701,수도리전통마을,157,272,1,0,실외,체험/학습/산업
15702,가흥리 마애산존불상·가흥리암각화,157,272,2,2,실외,종교/역사/전통
15703,흑석사,157,272,3,4,실외,종교/역사/전통
15704,괴헌고택,157,272,4,7,실외,종교/역사/전통
15705,풍기인삼시장,157,272,5,9,실외,쇼핑/놀이
15801,죽령옛길,158,272,1,0,실외,종교/역사/전통
15802,천문대,158,272,2,2,실외,종교/역사/전통
15803,희방사·희방폭포,158,272,3,3,실외,종교/역사/전통
15804,풍기온천,158,272,4,5,실내,자연/힐링
15805,옥녀봉자연휴양림,158,272,5,7,실외,자연/힐링
15806,풍기인삼시장,158,272,6,8,실외,쇼핑/놀이
15807,풍기인견전시·판매장,158,272,7,10,실외,쇼핑/놀이
15901,순흥읍내리 벽화고분/금성단,159,272,1,0,실외,종교/역사/전통
15902,초암사(죽계구곡),159,272,2,2,실외,자연/힐링
15903,소수서원/선비촌,159,272,3,6,실외,종교/역사/전통
15904,부석사,159,272,4,10,실외,종교/역사/전통
16001,태사묘,160,136,1,0,실외,종교/역사/전통
16002,안동댐,160,136,2,1,실외,체험/학습/산업
16003,임청각,160,136,3,3,실외,종교/역사/전통
16004,의성김씨 종택,160,136,4,4,실외,종교/역사/전통
16005,전주류씨 무실종택/수애당,160,136,5,6,실외,종교/역사/전통
16006,묵계종택(묵계서원/만휴정),160,136,6,8,실외,종교/역사/전통
16007,안동소주 박물관(전통음식박물관),160,136,7,10,실내,종교/역사/전통
16101,감은사지,161,283,1,0,실외,종교/역사/전통
16102,이견대,161,283,2,2,실외,종교/역사/전통
16103,기림사,161,283,3,4,실외,종교/역사/전통
16104,골굴사,161,283,4,7,실외,종교/역사/전통
16105,반월성,161,283,5,9,실외,종교/역사/전통
16201,안동한지 전시·체험관,162,136,1,0,실내,체험/학습/산업
16202,병산서원,162,136,2,2,실외,종교/역사/전통
16203,하회마을,162,136,3,4,실외,체험/학습/산업
16204,하회동탈박물관,162,136,4,6,실내,종교/역사/전통
16205,봉정사,162,136,5,7,실외,종교/역사/전통
16206,영호루,162,136,6,10,실외,종교/역사/전통
16301,별빛누리공원,163,184,1,0,실외,자연/힐링
16302,김녕미로공원,163,184,2,2,실외,자연/힐링
16303,하도해변,163,184,3,5,실외,자연/힐링
16304,산굼부리,163,184,4,8,실외,자연/힐링
16305,비엘바이크파크,163,189,5,12,실외,캠핑/스포츠
16306,최남단체험감귤농장,163,189,6,16,실외,체험/학습/산업
16307,월드컵경기장,163,189,7,18,실외,체험/학습/산업
16401,세화해안도로,164,184,1,0,실외,자연/힐링
16402,세화해변,164,184,2,1,실외,자연/힐링
16403,혼인지,164,189,3,2,실외,자연/힐링
16404,섭지코지,164,189,4,4,실외,자연/힐링
16405,신양 섭지코지 해변,164,189,5,5,실외,자연/힐링
16406,만장굴,164,184,6,6,실외,자연/힐링
16407,우도해양도립공원,164,184,7,8,실외,자연/힐링
16408,새섬,164,189,8,9,실외,자연/힐링
16501,국제공항,165,184,1,0,실외,체험/학습/산업
16502,도립미술관,165,184,2,1,실내,문화/예술
16503,민속자연사박물관,165,184,3,2,실내,문화/예술
16504,국립제주박물관,165,184,4,3,실내,문화/예술
16505,해녀박물관,165,184,5,4,실내,문화/예술
16506,김영갑갤러리두모악,165,189,6,6,실내,문화/예술
16507,제주민속촌,165,184,7,7,실내,문화/예술
16508,왈종미술관,165,189,8,8,실내,문화/예술
16509,이중섭미술관,165,189,9,9,실내,문화/예술
16510,시립기당미술관,165,189,10,10,실내,문화/예술
16511,김정희유배지,165,189,11,11,실외,종교/역사/전통
16512,저지문화예술인마을/현대미술관,165,184,12,13,실내,문화/예술
16513,돌마을,165,184,13,15,실외,체험/학습/산업
16601,4·3평화공원,166,184,1,0,실외,자연/힐링
16602,노루생태관찰원,166,184,2,2,실외,체험/학습/산업
16603,절물자연휴양림,166,184,3,4,실외,자연/힐링
16604,국립제주박물관,166,184,4,6,실내,종교/역사/전통
16605,동문시장,166,184,5,8,실외,쇼핑/놀이
16606,칠성로상가조합,166,184,6,10,실외,쇼핑/놀이
16607,중앙지하상가,166,184,7,11,실외,쇼핑/놀이
16608,관덕정,166,184,8,13,실외,종교/역사/전통
16609,용두암,166,184,9,14,실외,자연/힐링
16701,한림민속박물관,167,253,1,0,실내,종교/역사/전통
16702,국립김해박물관,167,253,2,2,실내,종교/역사/전통
16703,대성동고분박물관,167,253,3,3,실내,종교/역사/전통
16704,봉황대,167,253,4,5,실외,종교/역사/전통
16705,김해천문대,167,253,5,7,실내,체험/학습/산업
16706,수로왕릉,167,253,6,8,실외,종교/역사/전통
16707,수로왕비릉,167,253,7,10,실외,종교/역사/전통
16801,수로왕비릉,168,253,1,0,실외,종교/역사/전통
16802,봉황대유적,168,253,2,1,실외,종교/역사/전통
16803,국립김해박물관,168,253,3,2,실내,종교/역사/전통
16804,연지공원,168,253,4,3,실외,자연/힐링
16805,김해천문대,168,253,5,5,실내,체험/학습/산업
16806,무척산관광농원,168,253,6,6,실외,자연/힐링
16807,노무현대통령 생가,168,253,7,8,실외,체험/학습/산업
16808,한림민속박물관,168,253,8,9,실내,종교/역사/전통
16809,클레이아크김해미술관,168,253,9,11,실내,문화/예술
16901,월성계곡(강선대/사선대/장군바위),169,284,1,0,실외,자연/힐링
16902,마학동계곡,169,284,2,4,실외,자연/힐링
16903,병곡리,169,284,3,7,실외,자연/힐링
16904,허브체험(허브찻집 민들레울),169,284,4,8,실외,체험/학습/산업
16905,황산고가 민박촌,169,284,5,9,실외,체험/학습/산업
16906,금원산자연휴양림,169,284,6,11,실외,자연/힐링
17001,수승대관광지,170,284,1,0,실외,체험/학습/산업
17002,황산고가 민박촌,170,284,2,4,실외,자연/힐링
17003,정온선생 종택,170,284,3,8,실외,종교/역사/전통
17004,금원산자연휴양림,170,284,4,10,실외,자연/힐링
17101,금원산자연휴양림,171,284,1,0,실외,자연/힐링
17102,수승대,171,284,2,4,실외,체험/학습/산업
17103,황산고가 민박촌,171,284,3,8,실외,자연/힐링
17104,거창박물관,171,284,4,10,실내,종교/역사/전통
17201,가조면 수월리,172,284,1,0,실외,자연/힐링
17202,우두산,172,284,2,2,실외,자연/힐링
17203,가조온천휴양지,172,284,3,6,실내,자연/힐링
17204,남하면 둔마리 고분벽화,172,284,4,8,실외,종교/역사/전통
17205,거창박물관,172,284,5,10,실내,종교/역사/전통
17301,생초국제조각공원,173,289,1,0,실외,문화/예술
17302,생초창작스튜디오,173,289,2,1,실내,문화/예술
17303,구형왕릉,173,289,3,2,실외,종교/역사/전통
17304,류의태약수터,173,289,4,3,실외,자연/힐링
17305,경호강 래프팅,173,289,5,4,실외,캠핑/스포츠
17307,목면시배유지,173,289,7,7,실외,종교/역사/전통
17308,남사예담촌,173,289,8,8,실외,체험/학습/산업
17309,남명조식유적,173,289,9,9,실외,종교/역사/전통
17401,남해대교,174,295,1,0,실외,자연/힐링
17402,스포츠파크,174,295,2,1,실외,캠핑/스포츠
17403,가천다랭이마을,174,295,3,2,실외,체험/학습/산업
17404,가족휴양촌,174,295,4,4,실외,자연/힐링
17405,상주유람선,174,295,5,6,실외,자연/힐링
17406,상주은모래비치,174,295,6,7,실외,자연/힐링
17407,해오름예술촌,174,295,7,8,실외,문화/예술
17408,죽방렴,174,295,8,9,실외,자연/힐링
17409,창선·삼천포대교,174,295,9,11,실외,자연/힐링
17501,남해대교,175,295,1,0,실외,자연/힐링
17502,화방사,175,295,2,1,실외,종교/역사/전통
17503,가천다랭이마을,175,295,3,2,실외,체험/학습/산업
17504,가족휴양촌,175,295,4,5,실외,자연/힐링
17505,상주유람선,175,295,5,6,실외,자연/힐링
17506,해오름예술촌,175,295,6,8,실외,문화/예술
17507,죽방렴,175,295,7,9,실외,자연/힐링
17508,창선·삼천포대교,175,295,8,11,실외,자연/힐링
17601,거제대교,176,294,1,0,실외,자연/힐링
17602,포로수용소유적공원,176,294,2,1,실외,자연/힐링
17603,자연예술랜드,176,294,3,2,실외,문화/예술
17604,해금강/외도(유람선관광),176,294,4,3,실외,자연/힐링
17605,자연휴양림,176,294,5,4,실외,자연/힐링
17606,홍포,176,294,6,5,실외,자연/힐링
17607,여차,176,294,7,6,실외,자연/힐링
17608,어촌민속전시관,176,294,8,7,실내,종교/역사/전통
17609,대우조선,176,294,9,8,실외,체험/학습/산업
17610,삼성조선,176,294,10,9,실외,체험/학습/산업
17611,옥포대첩기념공원,176,294,11,10,실외,자연/힐링
17612,김영삼 전 대통령생가,176,294,12,11,실외,체험/학습/산업
17703,세병관(통제영지),177,162,3,2,실외,종교/역사/전통
17704,충렬사,177,162,4,3,실외,종교/역사/전통
17705,해저터널,177,162,5,5,실외,체험/학습/산업
17706,착량묘,177,162,6,6,실외,종교/역사/전통
17707,도남관광지,177,162,7,7,실외,자연/힐링
17708,전혁림미술관,177,162,8,8,실내,문화/예술
17709,중앙활어시장,177,162,9,9,실외,쇼핑/놀이
17710,남망산국제조각공원,177,162,10,11,실외,문화/예술
17701,청마문학관,177,162,1,0,실내,문화/예술
17702,향토역사관,177,162,2,1,실내,문화/예술
17801,도남관광지,178,162,1,0,실외,자연/힐링
17802,한산도 제승당,178,162,2,2,실외,종교/역사/전통
17803,해금강,178,294,3,5,실외,자연/힐링
17804,소매물도,178,162,4,8,실외,자연/힐링
17901,경호강래프팅,179,289,1,0,실외,캠핑/스포츠
17902,정병호 가옥,179,264,2,2,실외,종교/역사/전통
17903,금원산자연휴양림,179,284,3,4,실외,자연/힐링
17904,해인사,179,285,4,6,실외,종교/역사/전통
17905,우포늪,179,347,5,9,실외,자연/힐링
18001,문신미술관,180,155,1,0,실내,문화/예술
18002,평사리 최참판댁,180,356,2,1,실내,종교/역사/전통
18003,청마문학관,180,162,3,4,실내,문화/예술
18004,윤이상거리,180,162,4,6,실외,체험/학습/산업
18005,전혁림미술관,180,162,5,7,실내,문화/예술
18006,해금강,180,294,6,8,실외,자연/힐링
18007,외도해상농원,180,294,7,11,실외,자연/힐링
18101,표충사,181,288,1,0,실외,종교/역사/전통
18102,사자평,181,288,2,1,실외,자연/힐링
18103,재약산,181,288,3,2,실외,자연/힐링
18104,가지산,181,288,4,4,실외,자연/힐링
18105,통도사,181,257,5,5,실외,종교/역사/전통
18106,국립김해박물관,181,253,6,10,실내,종교/역사/전통
18201,해인사,182,285,1,0,실외,종교/역사/전통
18202,가야산,182,285,2,3,실외,자연/힐링
18203,화왕산,182,347,3,5,실외,자연/힐링
18204,부곡온천,182,347,4,9,실내,자연/힐링
18301,대원사계곡,183,289,1,0,실외,자연/힐링
18302,삼성궁,183,356,2,1,실외,자연/힐링
18303,평사리 최참판댁,183,356,3,4,실외,종교/역사/전통
18304,쌍계사,183,356,4,7,실외,종교/역사/전통
18305,불일폭포,183,356,5,9,실외,자연/힐링
18306,칠불사,183,356,6,10,실외,종교/역사/전통
18401,스포츠파크,184,295,1,0,실외,캠핑/스포츠
18402,암수바위와 가천마을 다랑이논,184,295,2,1,실외,자연/힐링
18403,노도,184,295,3,3,실외,자연/힐링
18404,상주해수욕장,184,295,4,4,실외,자연/힐링
18405,금산,184,295,5,5,실외,자연/힐링
18406,물건방조어부림과 물미해안,184,295,6,6,실외,자연/힐링
18407,원시어업죽방렴,184,295,7,8,실외,자연/힐링
18408,단항왕후박나무,184,295,8,9,실외,자연/힐링
18409,삼천포항,184,321,9,10,실외,자연/힐링
18410,실안낙조,184,294,10,11,실외,자연/힐링
18501,용원,185,155,1,0,실외,자연/힐링
18502,여객선터미널,185,162,2,2,실외,체험/학습/산업
18503,학동몽돌,185,294,3,6,실외,자연/힐링
18504,마리나리조트,185,162,4,9,실외,캠핑/스포츠
18601,해금강,186,294,1,0,실외,자연/힐링
18602,외도해상농원,186,294,2,0,실외,자연/힐링
18603,재래식 시장,186,162,3,1,실외,쇼핑/놀이
18604,제승당,186,162,4,3,실외,종교/역사/전통
18605,소매물도,186,162,5,5,실외,자연/힐링
18606,상족암 군립공원,186,305,6,7,실외,자연/힐링
18607,공룡박물관,186,305,7,9,실내,체험/학습/산업
18608,상주해수욕장,186,295,8,9,실외,자연/힐링
18609,보리암,186,295,9,11,실외,자연/힐링
18701,대금산,187,294,1,0,실외,자연/힐링
18702,지심도,187,294,2,1,실외,자연/힐링
18703,달아공원,187,162,3,4,실외,자연/힐링
18704,제승당,187,162,4,7,실외,종교/역사/전통
18705,청마생가,187,162,5,8,실외,종교/역사/전통
18706,산양일주도로,187,162,6,10,실외,자연/힐링
18801,진해군항제,188,155,1,0,실외,체험/학습/산업
18802,선진리성,188,321,2,1,실외,종교/역사/전통
18803,한려수도,188,295,3,4,실외,자연/힐링
18804,보리암,188,295,4,7,실외,종교/역사/전통
18805,남해대교,188,295,5,10,실외,자연/힐링
18901,웅천도요지,189,155,1,0,실외,자연/힐링
18902,진주성,189,192,2,2,실외,종교/역사/전통
18903,백련리도요지,189,356,3,5,실외,자연/힐링
18904,쌍계사/차나무시배지,189,356,4,7,실외,종교/역사/전통
19001,구조라,190,294,1,0,실외,자연/힐링
19002,해금강,190,294,2,1,실외,자연/힐링
19003,여차몽돌,190,294,3,3,실외,자연/힐링
19004,남망산공원,190,162,4,4,실외,자연/힐링
19005,소매물도,190,162,5,7,실외,자연/힐링
19006,등대섬,190,162,6,8,실외,자연/힐링
19007,죽방렴,190,295,7,9,실외,자연/힐링
19101,목면시배유지,191,289,1,0,실외,종교/역사/전통
19102,성철대종사생가(터),191,289,2,2,실외,종교/역사/전통
19103,양수발전소,191,289,3,4,실외,체험/학습/산업
19104,중산리계곡,191,289,4,7,실외,자연/힐링
19105,지리산 빨치산 토벌전시관,191,289,5,10,실내,종교/역사/전통
19201,수로왕릉,192,253,1,0,실외,종교/역사/전통
19202,국립김해박물관,192,253,2,1,실내,종교/역사/전통
19203,은하사,192,253,3,2,실외,종교/역사/전통
19204,김해천문대,192,253,4,3,실외,체험/학습/산업
19205,통도사,192,257,5,4,실외,종교/역사/전통
19206,통도환타지아,192,257,6,7,실외,쇼핑/놀이
19207,얼음골,192,288,7,7,실외,자연/힐링
19208,표충사,192,288,8,9,실외,종교/역사/전통
19209,영남루,192,288,9,10,실외,자연/힐링
19301,표충사,193,288,1,0,실외,종교/역사/전통
19302,재약산,193,288,2,2,실외,자연/힐링
19303,천황산,193,288,3,4,실외,자연/힐링
19304,얼음골,193,288,4,5,실외,자연/힐링
19305,영축산,193,152,5,7,실외,자연/힐링
19306,통도사,193,257,6,10,실외,종교/역사/전통
19401,백사청송송림공원,194,356,1,0,실외,자연/힐링
19402,평사리 최참판댁,194,356,2,2,실외,종교/역사/전통
19403,화개장터,194,356,3,5,실외,쇼핑/놀이
19404,쌍계사,194,356,4,7,실외,종교/역사/전통
19405,칠불사,194,356,5,10,실외,종교/역사/전통
19501,지리산천왕봉,195,289,1,0,실외,자연/힐링
19502,대원사계곡,195,289,2,3,실외,자연/힐링
19503,경호강래프팅,195,289,3,6,실외,캠핑/스포츠
19504,성철대종사생가(터),195,289,4,9,실외,종교/역사/전통
19601,국립 3.15묘지,196,155,1,0,실외,종교/역사/전통
19602,칠서정수장,196,357,2,1,실외,체험/학습/산업
19603,마산시립박물관/문신미술관,196,155,3,2,실내,종교/역사/전통
19604,환경시설사업소,196,155,4,5,실외,체험/학습/산업
19605,돝섬해상유원지,196,155,5,6,실외,자연/힐링
19606,마산음악관,196,155,6,8,실내,문화/예술
19607,어시장,196,155,7,9,실외,쇼핑/놀이
19608,산호공원,196,155,8,10,실외,자연/힐링
19609,자유무역지역,196,155,9,11,실외,체험/학습/산업
19701,경륜장,197,155,1,0,실외,캠핑/스포츠
19702,주남저수지,197,155,2,2,실외,자연/힐링
19703,부곡온천,197,347,3,5,실내,자연/힐링
19704,가야산,197,285,4,8,실외,자연/힐링
19801,함양향교,198,264,1,0,실외,종교/역사/전통
19802,지리산,198,264,2,2,실외,자연/힐링
19803,한신계곡,198,264,3,5,실외,자연/힐링
19804,칠선계곡,198,264,4,7,실외,자연/힐링
19805,용유담,198,264,5,10,실외,자연/힐링
19901,가오치선착장,199,162,1,0,실외,체험/학습/산업
19902,사량도 옥녀봉,199,162,2,1,실외,자연/힐링
19903,미륵산,199,162,3,5,실외,자연/힐링
19904,통영운하,199,162,4,6,실외,체험/학습/산업
19905,해저터널,199,162,5,8,실외,체험/학습/산업
19906,남망산공원,199,162,6,9,실외,자연/힐링
19907,망일봉,199,162,7,10,실외,자연/힐링
20001,경상남도 수목원,200,192,1,0,실외,자연/힐링
20002,진주성,200,192,2,2,실외,종교/역사/전통
20003,진양호/일주도로,200,192,3,4,실외,자연/힐링
20004,우곡정,200,192,4,6,실외,종교/역사/전통
20005,월아산,200,192,5,8,실외,자연/힐링
20006,경상남도 문화예술회관,200,192,6,10,실내,문화/예술
20101,거제대교,201,162,1,0,실외,자연/힐링
20102,계룡산,201,294,2,1,실외,자연/힐링
20103,포로수용소 유적공원,201,294,3,2,실외,종교/역사/전통
20104,자연휴양림,201,294,4,3,실외,자연/힐링
20105,거제자연예술랜드,201,294,5,4,실외,문화/예술
20106,해금강,201,294,6,5,실외,자연/힐링
20107,외도해상농원,201,294,7,6,실외,자연/힐링
20108,구조라,201,294,8,8,실외,자연/힐링
20109,거제어촌민속전시관,201,294,9,9,실내,종교/역사/전통
20110,옥포대첩기념공원,201,294,10,9,실외,자연/힐링
20111,송진포,201,294,11,11,실외,자연/힐링
20201,삼성궁,202,356,1,0,실외,자연/힐링
20202,삼신녹차마을,202,356,2,1,실외,체험/학습/산업
20203,쌍계사,202,356,3,2,실외,종교/역사/전통
20204,대축마을,202,356,4,3,실외,체험/학습/산업
20205,평사리 최참판댁,202,356,5,4,실외,종교/역사/전통
20206,대도마을,202,356,6,5,실외,체험/학습/산업
20207,경충사,202,356,7,7,실외,종교/역사/전통
20208,사기아름마을,202,356,8,8,실외,체험/학습/산업
20209,옥종딸기마을,202,356,9,9,실외,체험/학습/산업
20210,청학동계곡,202,356,10,11,실외,자연/힐링
20301,상림공원,203,264,1,0,실외,자연/힐링
20302,정여창고택,203,264,2,2,실외,종교/역사/전통
20303,옥계신도비,203,264,3,4,실외,종교/역사/전통
20304,허삼둘가옥,203,264,4,6,실외,종교/역사/전통
20305,청계서원,203,264,5,8,실외,종교/역사/전통
20306,남계서원,203,264,6,10,실외,종교/역사/전통
20401,수로왕릉,204,253,1,0,실외,종교/역사/전통
20402,봉황동 유적,204,253,2,1,실외,종교/역사/전통
20403,대성동 고분군,204,253,3,2,실외,종교/역사/전통
20404,국립김해박물관,204,253,4,3,실내,종교/역사/전통
20405,수로왕비릉,204,253,5,3,실외,종교/역사/전통
20406,대동 화훼단지,204,253,6,4,실외,체험/학습/산업
20407,무척산,204,253,7,6,실외,자연/힐링
20408,가동마을,204,253,8,7,실외,체험/학습/산업
20409,진례 도예체험,204,253,9,8,실외,체험/학습/산업
20410,칠산참외마을,204,253,10,10,실외,체험/학습/산업
20411,김해천문대,204,253,11,11,실외,체험/학습/산업
20501,장복산공원,205,155,1,0,실외,자연/힐링
20502,내수면양식연구소,205,155,2,1,실내,체험/학습/산업
20503,북원로타리(이충무공동상),205,155,3,3,실외,종교/역사/전통
20504,중원로타리,205,155,4,4,실외,자연/힐링
20505,해군 사관학교박물관,205,155,5,6,실내,종교/역사/전통
20506,제황산공원,205,155,6,7,실외,자연/힐링
20507,에너지환경과학공원,205,155,7,9,실외,체험/학습/산업
20508,수치해안,205,155,8,10,실외,자연/힐링
20601,내원사계곡,206,257,1,0,실외,자연/힐링
20602,내원사,206,257,2,2,실외,종교/역사/전통
20603,노전암,206,257,3,5,실외,종교/역사/전통
20604,도자기공원,206,257,4,7,실외,자연/힐링
20605,통도환타지아,206,257,5,9,실외,쇼핑/놀이
20701,만옥정 공원,207,347,1,0,실외,자연/힐링
20702,영산호국공원,207,347,2,1,실외,자연/힐링
20703,망우정,207,347,3,2,실외,종교/역사/전통
20704,박진전쟁 기념관,207,347,4,3,실내,종교/역사/전통
20705,마산시립박물관/문신미술관,207,155,5,4,실내,종교/역사/전통
20706,서원곡유원지,207,155,6,6,실외,자연/힐링
20707,관해정,207,155,7,7,실외,종교/역사/전통
20708,합포성지,207,319,8,8,실외,종교/역사/전통
20709,어시장,207,155,9,9,실외,쇼핑/놀이
20710,조두남기념관,207,155,10,10,실내,종교/역사/전통
20711,몽고정,207,155,11,10,실외,종교/역사/전통
20712,돝섬해상유원지,207,155,12,11,실외,자연/힐링
20801,마산시립박물관/문신미술관,208,155,1,0,실내,종교/역사/전통
20802,서원곡유원지,208,155,2,2,실외,자연/힐링
20803,관해정,208,155,3,3,실외,종교/역사/전통
20804,합포성지,208,319,4,4,실외,종교/역사/전통
20805,산호공원,208,155,5,5,실외,자연/힐링
20806,어시장,208,155,6,7,실외,쇼핑/놀이
20807,조두남기념관,208,155,7,8,실내,종교/역사/전통
20808,3·15기념탑,208,155,8,9,실외,종교/역사/전통
20809,몽고정,208,155,9,10,실외,종교/역사/전통
20810,돝섬해상유원지,208,155,10,11,실외,자연/힐링
20901,통도환타지아,209,257,1,0,실외,쇼핑/놀이
20902,도자기공원,209,257,2,3,실외,체험/학습/산업
20903,해운자연농원,209,257,3,6,실외,자연/힐링
20904,소석마을 팜스테이,209,257,4,9,실외,체험/학습/산업
21001,여객선터미널,210,162,1,0,실외,체험/학습/산업
21002,제승당,210,162,2,4,실외,종교/역사/전통
21003,망산,210,162,3,8,실외,자연/힐링
21101,여객선터미널,211,162,1,0,실외,체험/학습/산업
21102,소매물도,211,162,2,4,실외,자연/힐링
21103,등대섬,211,162,3,8,실외,자연/힐링
21201,가오치선착장,212,162,1,0,실외,체험/학습/산업
21202,사량도,212,162,2,2,실외,자연/힐링
21203,지리산,212,162,3,6,실외,자연/힐링
21204,최영장군사당,212,162,4,8,실외,종교/역사/전통
21205,대항해수욕장,212,162,5,10,실외,자연/힐링
21301,우두산,213,284,1,0,실외,자연/힐링
21302,가조온천,213,284,2,4,실내,자연/힐링
21303,거창사건추모공원,213,284,3,7,실외,종교/역사/전통
21304,거창박물관,213,284,4,9,실내,종교/역사/전통
21401,어곡공단,214,257,1,0,실외,체험/학습/산업
21402,신불산공원,214,257,2,1,실외,자연/힐링
21403,신흥사,214,257,3,2,실외,종교/역사/전통
21404,원동자연휴양림,214,257,4,4,실외,자연/힐링
21405,불암폭포,214,257,5,5,실외,자연/힐링
21406,자연식의집,214,257,6,6,실내,쇼핑/놀이
21407,늘밭마을,214,257,7,8,실외,체험/학습/산업
21408,원동화제,214,257,8,10,실외,자연/힐링
21409,오봉산 임경대,214,257,9,11,실외,자연/힐링
21501,병곡리 빙기실계곡,215,284,1,0,실외,자연/힐링
21502,점터산장,215,284,2,2,실내,캠핑/스포츠
21503,마학동 계곡,215,284,3,5,실외,자연/힐링
21504,월성 주은자연휴양림,215,284,4,7,실외,자연/힐링
21505,월성계곡,215,284,5,10,실외,자연/힐링
21601,사량도,216,162,1,0,실외,자연/힐링
21602,지리산,216,162,2,4,실외,자연/힐링
21603,상족암 군립공원,216,305,3,8,실외,자연/힐링
21701,진주성,217,192,1,0,실외,종교/역사/전통
21702,인사동골동품거리,217,192,2,1,실외,쇼핑/놀이
21703,진양호/일주도로,217,192,3,2,실외,자연/힐링
21704,물문화관,217,192,4,4,실내,종교/역사/전통
21705,망진산 봉수대,217,192,5,6,실외,자연/힐링
21706,남가람문화거리,217,192,6,8,실외,문화/예술
21707,새벼리,217,192,7,9,실외,자연/힐링
21708,경상남도 수목원,217,192,8,10,실외,자연/힐링
21801,오봉산 임경대,218,257,1,0,실외,자연/힐링
21802,용화사,218,257,2,3,실외,종교/역사/전통
21803,원동역,218,257,3,6,실외,체험/학습/산업
21804,배내골,218,257,4,8,실외,자연/힐링
21805,배내골송림관광농원,218,257,5,10,실외,자연/힐링
21901,화왕산,219,347,1,0,실외,자연/힐링
21902,관룡사,219,347,2,3,실외,종교/역사/전통
21903,부곡온천,219,347,3,6,실내,자연/힐링
21904,우포늪,219,263,4,9,실외,자연/힐링
21905,해인사,219,285,5,13,실외,종교/역사/전통
21906,가조온천,219,284,6,17,실내,자연/힐링
22001,남사예담촌,220,289,1,0,실외,체험/학습/산업
22002,남명조식유적,220,289,2,2,실외,종교/역사/전통
22003,지리산천왕봉,220,289,3,4,실외,자연/힐링
22004,대원사,220,289,4,6,실외,종교/역사/전통
22005,전구형왕릉,220,289,5,8,실외,종교/역사/전통
22006,전통한방휴양관광지,220,289,6,11,실외,자연/힐링
22007,경호강,220,289,7,13,실외,자연/힐링
22008,황매산,220,289,8,15,실외,자연/힐링
22009,정취암,220,289,9,18,실외,자연/힐링
22101,당항포 관광지,221,305,1,0,실외,체험/학습/산업
22102,충렬사,221,162,2,2,실외,종교/역사/전통
22103,세병관,221,162,3,5,실내,종교/역사/전통
22104,제승당,221,162,4,8,실외,종교/역사/전통
22105,선진리성,221,321,5,10,실외,종교/역사/전통
22106,진주성,221,192,6,14,실외,종교/역사/전통
22107,충렬사,221,295,7,17,실외,종교/역사/전통
22201,충익사,222,263,1,0,실외,종교/역사/전통
22202,해인사,222,285,2,4,실외,종교/역사/전통
22203,상림,222,264,3,8,실외,자연/힐링
22204,목면시배유지,222,289,4,12,실외,종교/역사/전통
22301,진주성,223,192,1,0,실외,종교/역사/전통
22302,선진리성,223,321,2,2,실외,종교/역사/전통
22303,상족암 군립공원,223,305,3,4,실외,자연/힐링
22304,제승당,223,162,4,6,실외,종교/역사/전통
22305,충렬사,223,162,5,9,실외,종교/역사/전통
22306,외도해상농원,223,294,6,11,실외,자연/힐링
22307,해금강,223,294,7,13,실외,자연/힐링
22308,옥포대첩기념공원,223,294,8,15,실외,종교/역사/전통
22309,포로수용소 유적공원,223,294,9,18,실외,종교/역사/전통
22401,해금강,224,294,1,0,실외,자연/힐링
22402,외도해상농원,224,294,2,2,실외,자연/힐링
22403,옥포대첩기념공원,224,294,3,5,실외,종교/역사/전통
22404,대우조선,224,294,4,7,실외,체험/학습/산업
22405,충렬사,224,162,5,9,실외,종교/역사/전통
22406,제승당,224,162,6,12,실외,종교/역사/전통
22407,당항포관광지,224,305,7,14,실외,체험/학습/산업
22408,선진리성,224,321,8,17,실외,종교/역사/전통
22501,두산중공업,225,155,1,0,실외,체험/학습/산업
22502,당항포관광지,225,305,2,2,실외,체험/학습/산업
22503,상족암 군립공원,225,305,3,4,실외,자연/힐링
22504,금산,225,295,4,7,실외,자연/힐링
22505,보리암,225,295,5,10,실외,종교/역사/전통
22506,남해대교,225,295,6,11,실외,자연/힐링
22507,악양루,225,356,7,14,실외,자연/힐링
22508,화개장터,225,356,8,16,실외,쇼핑/놀이
22509,쌍계사,225,356,9,18,실외,종교/역사/전통
22601,진주성,226,192,1,0,실외,종교/역사/전통
22602,화개장터,226,356,2,2,실외,쇼핑/놀이
22603,쌍계사,226,356,3,5,실외,종교/역사/전통
22604,화개온천리조트,226,356,4,7,실내,캠핑/스포츠
22605,삼성궁,226,356,5,9,실외,자연/힐링
22606,남명조식선생생가지,226,285,6,12,실외,종교/역사/전통
22607,성철대종사생가(터),226,289,7,15,실외,종교/역사/전통
22608,목면시배유지,226,289,8,18,실외,종교/역사/전통
22701,통도사 성보박물관,227,257,1,0,실내,종교/역사/전통
22702,김해천문대,227,253,2,5,실외,체험/학습/산업
22703,수로왕릉,227,253,3,8,실외,종교/역사/전통
22704,국립김해박물관,227,253,4,11,실내,종교/역사/전통
22705,교동고분군,227,347,5,13,실외,종교/역사/전통
22706,부곡온천,227,347,6,17,실내,자연/힐링
22801,삼성중공업 거제조선소,228,294,1,0,실외,체험/학습/산업
22802,옥포대첩기념공원,228,294,2,4,실외,종교/역사/전통
22803,포로수용소 유적공원,228,294,3,8,실외,종교/역사/전통
22804,제승당,228,162,4,12,실외,종교/역사/전통
22805,상족암 군립공원,228,305,5,16,실외,자연/힐링
22901,용추 자연휴양림,229,264,1,0,실외,자연/힐링
22902,용추사/용추폭포,229,264,2,2,실외,종교/역사/전통
22903,연암물레방아공원,229,264,3,5,실외,자연/힐링
22904,심원정,229,264,4,7,실외,종교/역사/전통
22905,농월정,229,264,5,9,실외,종교/역사/전통
22906,황암사,229,264,6,11,실외,종교/역사/전통
22907,동호정,229,264,7,13,실외,종교/역사/전통
22908,군자정,229,264,8,14,실외,종교/역사/전통
22909,거연정,229,264,9,16,실외,종교/역사/전통
22910,논개묘,229,264,10,18,실외,종교/역사/전통
23001,대산리석불,230,357,1,0,실외,종교/역사/전통
23002,함안박물관,230,357,2,1,실내,종교/역사/전통
23003,무진정,230,357,3,2,실외,종교/역사/전통
23004,방어산마애불,230,357,4,4,실외,종교/역사/전통
23005,와룡정,230,357,5,5,실외,종교/역사/전통
23006,월촌,230,357,6,7,실외,자연/힐링
23007,정암루,230,263,7,8,실외,자연/힐링
23008,법수면늪지,230,357,8,10,실외,자연/힐링
23009,악양루,230,357,9,11,실외,자연/힐링
23010,평기마을,230,357,10,12,실외,체험/학습/산업
23011,함안층 새발자국화석,230,357,11,14,실외,자연/힐링
23012,칠북면회화나무,230,357,12,15,실외,자연/힐링
23013,고려동유적지,230,357,13,17,실외,체험/학습/산업
23014,입곡군립공원,230,357,14,18,실외,자연/힐링
23101,삼성궁,231,356,1,0,실외,자연/힐링
23102,칠불사,231,356,2,1,실외,종교/역사/전통
23103,삼신녹차마을,231,356,3,4,실외,체험/학습/산업
23104,쌍계사,231,356,4,5,실외,종교/역사/전통
23105,화개장터,231,356,5,6,실외,쇼핑/놀이
23106,청학동계곡,231,356,6,7,실외,자연/힐링
23107,대축마을,231,356,7,9,실외,체험/학습/산업
23108,평사리 최참판댁,231,356,8,11,실외,종교/역사/전통
23109,하동향교,231,356,9,12,실외,종교/역사/전통
23110,백사청송송림공원,231,356,10,14,실외,자연/힐링
23111,대도마을,231,356,11,14,실외,체험/학습/산업
23112,경충사,231,356,12,16,실외,종교/역사/전통
23113,사기아름마을,231,356,13,17,실외,체험/학습/산업
23114,옥종딸기마을,231,356,14,18,실외,체험/학습/산업
23201,해인사,232,285,1,0,실외,종교/역사/전통
23202,가야산,232,285,2,2,실외,자연/힐링
23203,오도산자연휴양림,232,285,3,3,실외,자연/힐링
23204,태극기휘날리며촬영세트장,232,285,4,6,실외,문화/예술
23205,거창박물관,232,284,5,9,실내,종교/역사/전통
23206,상림리석조관음입상,232,284,6,11,실외,종교/역사/전통
23207,건계정,232,284,7,13,실외,종교/역사/전통
23208,거열산성,232,284,8,15,실외,종교/역사/전통
23209,서변,232,284,9,16,실외,자연/힐링
23210,양평리석조여래입상,232,284,10,18,실외,종교/역사/전통
23301,곽망우당 유물,233,263,1,0,실외,종교/역사/전통
23302,현고수,233,263,2,2,실외,자연/힐링
23303,유곡면의 은행나무,233,263,3,4,실외,자연/힐링
23304,봉황대,233,263,4,6,실외,자연/힐링
23305,예술촌,233,263,5,8,실외,체험/학습/산업
23306,찰비계곡,233,263,6,10,실외,자연/힐링
23307,신라통증의 우흔,233,263,7,12,실외,종교/역사/전통
23308,의령남산,233,263,8,15,실외,자연/힐링
23309,가례면,233,263,9,16,실외,자연/힐링
23310,보천사지 3층석탑,233,263,10,18,실외,종교/역사/전통
23401,거제대교,234,162,1,0,실외,자연/힐링
23402,청마생가,234,162,2,1,실외,종교/역사/전통
23403,기성관,234,294,3,2,실내,종교/역사/전통
23404,홍포,234,294,4,3,실외,자연/힐링
23405,여차,234,294,5,4,실외,자연/힐링
23406,다포,234,294,6,5,실외,자연/힐링
23407,도장포,234,294,7,7,실외,자연/힐링
23408,해금강,234,294,8,8,실외,자연/힐링
23409,외도해상농원,234,294,9,9,실외,자연/힐링
23410,구조라,234,294,10,10,실외,자연/힐링
23411,거제자연예술랜드,234,294,11,11,실외,문화/예술
23412,구천리(휴양림),234,294,12,12,실외,자연/힐링
23413,송진포,234,294,13,13,실외,자연/힐링
23414,거제민속자료관,234,294,14,15,실내,종교/역사/전통
23415,거제포로수용소,234,294,15,16,실외,종교/역사/전통
23416,계룡산,234,294,16,18,실외,자연/힐링
23417,사등성지,234,294,17,19,실외,자연/힐링
23501,남해대교,235,295,1,0,실외,자연/힐링
23502,왕지등대마을,235,295,2,0,실외,체험/학습/산업
23503,충렬사,235,295,3,1,실외,종교/역사/전통
23504,문항어촌체험마을,235,295,4,3,실외,체험/학습/산업
23505,망운산,235,295,5,5,실외,자연/힐링
23506,암수바위와 가천마을 다랑이논,235,295,6,6,실외,자연/힐링
23507,용문사,235,295,7,8,실외,종교/역사/전통
23508,내산편백 자연휴양림,235,295,8,9,실외,자연/힐링
23509,보리암,235,295,9,10,실외,종교/역사/전통
23510,송정숲,235,295,10,12,실외,자연/힐링
23511,두모,235,295,11,14,실외,자연/힐링
23512,지족갯마을,235,295,12,17,실외,체험/학습/산업
23513,해바리,235,295,13,19,실외,자연/힐링
23514,냉천,235,295,14,19,실외,자연/힐링
23601,대성동고분박물관,236,253,1,0,실내,종교/역사/전통
23602,국립김해박물관,236,253,2,1,실내,종교/역사/전통
23603,가야랜드,236,253,3,3,실외,쇼핑/놀이
23604,김해천문대,236,253,4,5,실외,체험/학습/산업
23605,진해우체국,236,155,5,6,실외,체험/학습/산업
23606,구산성지,236,155,6,8,실외,종교/역사/전통
23607,웅천읍성,236,155,7,10,실외,종교/역사/전통
23608,웅천왜성,236,155,8,12,실외,종교/역사/전통
23609,성흥사대웅전,236,155,9,13,실외,종교/역사/전통
23610,안골왜성,236,155,10,15,실외,종교/역사/전통
23611,안골포굴강,236,155,11,17,실외,자연/힐링
23612,망산도유주암,236,155,12,18,실외,자연/힐링
23701,주남저수지,237,155,1,0,실외,자연/힐링
23702,미리벌민속박물관,237,288,2,4,실내,종교/역사/전통
23703,부곡온천,237,347,3,8,실내,자연/힐링
23704,우포늪,237,263,4,12,실외,자연/힐링
23801,장유대청계곡,238,253,1,0,실외,자연/힐링
23802,장척계곡,238,253,2,3,실외,자연/힐링
23803,통도환타지아,238,257,3,6,실외,쇼핑/놀이
23804,도자기공원,238,257,4,9,실외,체험/학습/산업
23805,해운자연농원,238,257,5,13,실외,자연/힐링
23806,소석마을 팜스테이,238,257,6,17,실내,체험/학습/산업
23906,연화사,239,162,6,16,실외,종교/역사/전통
23907,지리산,239,162,7,18,실외,자연/힐링
23901,진해해양공원,239,155,1,0,실외,자연/힐링
23902,여객선터미널,239,162,2,2,실외,체험/학습/산업
23903,욕지도,239,162,3,6,실외,자연/힐링
23904,천황산,239,162,4,10,실외,자연/힐링
23905,연화도,239,162,5,13,실외,자연/힐링
24001,표충비각,240,288,1,0,실외,종교/역사/전통
24002,대법사,240,288,2,1,실외,종교/역사/전통
24003,사명대사 생가지,240,288,3,3,실외,종교/역사/전통
24004,영산정사/성보박물관,240,288,4,5,실내,종교/역사/전통
24005,표충사,240,288,5,7,실외,종교/역사/전통
24006,만옥정 공원,240,347,6,10,실외,자연/힐링
24007,석빙고,240,347,7,13,실외,자연/힐링
24008,창녕향교,240,347,8,15,실외,종교/역사/전통
24009,관룡사,240,347,9,16,실외,종교/역사/전통
24010,영산호국공원,240,347,10,18,실외,자연/힐링
24101,가고파랜드(돝섬해상유원지),241,155,1,0,실외,자연/힐링
24102,백령신단,241,155,2,3,실외,자연/힐링
24103,원전마을,241,155,3,6,실외,체험/학습/산업
24104,저도연륙교,241,155,4,8,실외,자연/힐링
24105,구복예술촌,241,155,5,11,실외,문화/예술
24106,진해현관아 및 객사유지,241,155,6,14,실외,종교/역사/전통
24107,고현리공룡발자국화석,241,155,7,17,실외,종교/역사/전통
24201,경륜장,242,155,1,0,실외,캠핑/스포츠
24202,주남저수지,242,155,2,4,실외,자연/힐링
24203,부곡온천,242,347,3,8,실내,자연/힐링
24204,가야산,242,285,4,12,실외,자연/힐링
24301,내원사계곡,243,257,1,0,실외,자연/힐링
24302,내원사,243,257,2,2,실외,종교/역사/전통
24303,노전암,243,257,3,4,실외,종교/역사/전통
24304,도자기공원,243,257,4,6,실외,체험/학습/산업
24305,통도환타지아,243,257,5,9,실외,쇼핑/놀이
24306,천수교,243,192,6,12,실외,자연/힐링
24307,남가람문화거리,243,192,7,16,실외,문화/예술
24308,진주성,243,192,8,18,실외,종교/역사/전통
24401,청학동,244,356,1,0,실외,자연/힐링
24402,삼성궁,244,356,2,3,실외,자연/힐링
24403,대원사계곡,244,289,3,7,실외,자연/힐링
24404,상림,244,264,4,11,실외,자연/힐링
24405,농월정,244,264,5,16,실외,종교/역사/전통
24501,여객선터미널,245,162,1,0,실외,체험/학습/산업
24502,제승당,245,162,2,0,실외,종교/역사/전통
24503,망산,245,294,3,3,실외,자연/힐링
24504,여객터미널,245,321,4,5,실외,체험/학습/산업
24505,코섬,245,321,5,8,실외,자연/힐링
24506,씨앗섬,245,321,6,10,실외,자연/힐링
24507,아두섬,245,321,7,13,실외,자연/힐링
24508,단항대교,245,347,8,15,실외,자연/힐링
24509,향기섬,245,347,9,16,실외,자연/힐링
24510,비토앞,245,321,10,16,실외,자연/힐링
24511,저도앞 죽방렴,245,295,11,17,실외,자연/힐링
24512,늑도대교,245,321,12,18,실외,자연/힐링
24513,초양대교,245,321,13,19,실외,자연/힐링
24514,대방진굴항,245,321,14,19,실외,자연/힐링
24601,경상남도 수목원,246,192,1,0,실외,자연/힐링
24602,상족암 군립공원,246,305,2,2,실외,자연/힐링
24603,내산편백 자연휴양림,246,295,3,6,실외,자연/힐링
24604,금산,246,295,4,10,실외,자연/힐링
24605,남해대교 유원지,246,295,5,14,실외,자연/힐링
24606,백사청송송림공원,246,356,6,17,실외,자연/힐링
24701,수로왕비릉,247,253,1,0,실외,종교/역사/전통
24702,국립김해박물관,247,253,2,2,실내,종교/역사/전통
24703,수로왕릉,247,253,3,4,실외,종교/역사/전통
24704,대성동고분박물관,247,253,4,6,실내,종교/역사/전통
24705,봉황동 유적,247,253,5,8,실외,종교/역사/전통
24706,통도환타지아,247,257,6,9,실외,쇼핑/놀이
24707,도자기공원,247,257,7,12,실외,체험/학습/산업
24708,해운자연농원,247,257,8,15,실외,자연/힐링
24709,소석마을 팜스테이,247,257,9,18,실내,체험/학습/산업
25101,평택호관광지,251,354,1,0,실외,자연/힐링
25102,웃다리문화촌,251,354,2,3,실외,체험/학습/산업
25103,평택국제중앙시장,251,354,3,5,실외,쇼핑/놀이
25201,신두리 해안사구,252,352,1,0,실외,자연/힐링
25202,두웅습지,252,352,2,2,실외,자연/힐링
25203,신두리해수욕장,252,352,3,4,실외,자연/힐링
25204,태안해안국립공원,252,352,4,7,실외,자연/힐링
25301,유리섬박물관,253,327,1,0,실내,문화/예술
25302,경기도미술관,253,327,2,3,실내,문화/예술
25303,성호기념관,253,327,3,5,실외,문화/예술
25304,안산갈대습지공원,253,327,4,7,실외,자연/힐링
25401,코르디움,254,327,1,0,실외,체험/학습/산업
25402,누에섬 등대전망대,254,327,2,3,실외,체험/학습/산업
25403,어촌민속박물관,254,327,3,5,실내,문화/예술
25404,종현어촌체험마을,254,327,4,7,실외,체험/학습/산업
25501,아침고요수목원,255,300,1,0,실외,자연/힐링
25502,청평호반,255,300,2,2,실외,자연/힐링
25503,쁘띠프랑스,255,300,3,5,실외,문화/예술
25504,청평자연휴양림,255,300,4,7,실외,자연/힐링
25505,에델바이스 스위스테마파크,255,300,5,9,실외,문화/예술
25601,이화원,256,300,1,0,실외,자연/힐링
25602,자라섬오토캠핑장,256,300,2,2,실외,캠핑/스포츠
25603,남이섬,256,300,3,4,실외,자연/힐링
25604,제이드가든 수목원,256,101,4,6,실외,자연/힐링
25701,치악산국립공원,257,114,1,0,실외,자연/힐링
25702,치악산 구룡자동차야영장,257,114,2,2,실외,캠핑/스포츠
25703,원주 드림랜드,257,114,3,4,실외,쇼핑/놀이
25704,원주레일파크,257,114,4,7,실외,쇼핑/놀이
25705,간현관광지,257,114,5,9,실외,자연/힐링
25801,목계솔밭,258,127,1,0,실외,자연/힐링
25802,중앙탑공원,258,127,2,2,실외,문화/예술
25803,조정체험학교,258,127,3,4,실외,체험/학습/산업
25804,봉황자연휴양림,258,127,4,6,실외,자연/힐링
25805,봉황경(능암리섬),258,127,5,8,실외,자연/힐링
25901,신라밀레니엄파크,259,283,1,0,실외,체험/학습/산업
25902,한국역사문화음식학교,259,283,2,2,실외,체험/학습/산업
25903,경주 버드파크,259,283,3,4,실외,체험/학습/산업
25904,신라문화체험장,259,283,4,6,실내,체험/학습/산업
25905,경주 양동마을,259,283,5,9,실외,종교/역사/전통
26001,향일암,260,168,1,0,실외,종교/역사/전통
26002,해양수산과학관,260,168,2,2,실내,체험/학습/산업
26003,돌산도,260,168,3,5,실외,자연/힐링
26004,돌산공원,260,168,4,7,실외,자연/힐링
26005,오동도,260,168,5,9,실외,자연/힐링
26101,순천만 용산전망대(S자 물길),261,174,1,0,실외,자연/힐링
26102,순천만자연생태공원,261,174,2,2,실외,자연/힐링
26103,순천만 정원,261,174,3,4,실외,자연/힐링
26104,낙안민속자연휴양림,261,174,4,7,실외,자연/힐링
26105,순천 낙안읍성,261,174,5,9,실외,종교/역사/전통
26201,이천 세라피아,262,203,1,0,실외,체험/학습/산업
26202,이천시립월전미술관,262,203,2,2,실외,문화/예술
26203,해강도자미술관,262,203,3,4,실외,문화/예술
26204,돼지보러오면돼지(돼지박물관),262,203,4,7,실외,체험/학습/산업
26301,한택식물원,263,339,1,0,실외,자연/힐링
26302,용인축협자연체험스쿨 한우랜드,263,339,2,2,실외,체험/학습/산업
26303,농촌테마파크,263,339,3,4,실외,체험/학습/산업
26304,용인자연휴양림 에코어드벤처,263,339,4,7,실외,자연/힐링
26401,여주 고달사지,264,331,1,0,실외,종교/역사/전통
26402,신륵사,264,331,2,2,실외,종교/역사/전통
26403,여주박물관,264,331,3,4,실내,종교/역사/전통
26404,영릉(英陵)과 영릉(寧陵),264,331,4,7,실외,종교/역사/전통
26405,명성황후 생가,264,331,5,9,실외,종교/역사/전통
26501,연인산다목적캠핑장,265,300,1,0,실외,캠핑/스포츠
26502,연인산마을,265,300,2,2,실외,자연/힐링
26503,자연과별천문대,265,300,3,4,실내,자연/힐링
26504,명지계곡,265,300,4,6,실외,자연/힐링
26505,남송미술관,265,300,5,9,실외,문화/예술
26601,송지호 오토캠핑장,266,304,1,0,실외,캠핑/스포츠
26602,왕곡마을,266,304,2,2,실외,자연/힐링
26603,공현진1리해변,266,304,3,4,실외,자연/힐링
26604,송지호,266,304,4,6,실외,자연/힐링
26605,오호어촌체험마을,266,304,5,8,실외,체험/학습/산업
26701,월드컵공원 노을캠핑장,267,108,1,0,실외,캠핑/스포츠
26702,한강시민공원 난지지구(난지한강공원),267,108,2,2,실외,자연/힐링
26703,한강방어백골부대전적비,267,108,3,4,실외,종교/역사/전통
26704,양화교 인공폭포,267,108,4,6,실외,자연/힐링
26705,월드컵공원,267,108,5,8,실외,자연/힐링
26801,서울YMCA 다락원캠핑장,268,341,1,0,실외,캠핑/스포츠
26802,원효사,268,341,2,2,실외,종교/역사/전통
26803,도봉서원,268,108,3,4,실외,종교/역사/전통
26804,원도봉유원지,268,341,4,6,실외,자연/힐링
26805,서울창포원,268,108,5,8,실외,자연/힐링
26901,학동자동차야영장,269,294,1,0,실외,캠핑/스포츠
26902,거제자연휴양림,269,294,2,2,실외,자연/힐링
26903,거제 학동리 동백나무 숲 및 팔색조번식지,269,294,3,4,실외,자연/힐링
26904,학동흑진주몽돌해변,269,294,4,6,실외,자연/힐링
26905,학동마을,269,294,5,8,실외,자연/힐링
27001,합강공원 오토캠핑장,270,239,1,0,실외,캠핑/스포츠
27002,합호서원,270,239,2,2,실외,종교/역사/전통
27003,황룡사,270,239,3,4,실외,종교/역사/전통
27101,영덕군해맞이캠핑장,271,277,1,0,실외,캠핑/스포츠
27102,풍력발전단지,271,277,2,2,실외,체험/학습/산업
27103,창포마을,271,277,3,4,실외,자연/힐링
27104,영덕해맞이공원,271,277,4,6,실외,자연/힐링
27201,잼핑홀리데이 잼핑카라반,272,307,1,0,실내,캠핑/스포츠
27202,한국문화연수원,272,307,2,2,실내,체험/학습/산업
27203,마곡사,272,307,3,4,실외,종교/역사/전통
27301,한국미술관,273,339,1,0,실내,문화/예술
27302,에버랜드,273,339,2,2,실외,쇼핑/놀이
27303,캐리비안베이,273,339,3,4,실내,자연/힐링
27304,양지파인리조트,273,339,4,6,실내,자연/힐링
27305,삼성화재교통박물관,273,339,5,9,실내,체험/학습/산업
27401,백양사 가인야영장,274,343,1,0,실외,캠핑/스포츠
27402,장성호관광지,274,343,2,2,실외,자연/힐링
27403,황룡전적지,274,343,3,5,실외,종교/역사/전통
27404,필암서원,274,343,4,7,실외,종교/역사/전통
27501,유명산자연휴양림 야영장,275,300,1,0,실외,캠핑/스포츠
27502,코스모피아 천문대,275,300,2,3,실내,자연/힐링
27503,취옹예술관,275,300,3,6,실내,체험/학습/산업
27601,청태산자연휴양림,276,362,1,0,실외,자연/힐링
27602,숲체원,276,362,2,2,실외,체험/학습/산업
27603,허브나라농원,276,353,3,4,실외,자연/힐링
27604,이효석 문학관,276,353,4,7,실외,문화/예술
27701,거제포로수용소 유적공원,277,294,1,0,실외,종교/역사/전통
27702,구조라해수욕장,277,294,2,2,실외,자연/힐링
27703,신선대 전망대,277,294,3,5,실내,자연/힐링
27704,한려수도 조망케이블카,277,162,4,8,실외,자연/힐링
27705,통영수산과학관,277,162,5,10,실내,체험/학습/산업
27706,해저터널,277,162,6,12,실내,자연/힐링
27801,자라섬오토캠핑장,278,300,1,0,실외,캠핑/스포츠
27802,호명호수공원,278,300,2,2,실외,자연/힐링
27803,쁘띠프랑스,278,300,3,5,실외,문화/예술
27804,강촌유원지,278,101,4,7,실외,자연/힐링
27805,김유정 문학촌,278,101,5,9,실외,문화/예술
27901,사인암,279,316,1,0,실외,종교/역사/전통
27902,방곡도깨비마을,279,316,2,2,실외,체험/학습/산업
27903,청풍호 유람선,279,221,3,5,실외,자연/힐링
27904,도담삼봉,279,316,4,8,실외,자연/힐링
27905,온달관광지,279,316,5,10,실외,자연/힐링
28001,법주사,280,311,1,0,실외,종교/역사/전통
28002,아미산,280,311,2,3,실외,자연/힐링
28003,장곡자연휴양림,280,311,3,5,실외,자연/힐링
28004,부계 한밤마을 돌담길,280,311,4,8,실외,자연/힐링
28005,군위 삼존석굴,280,311,5,10,실외,종교/역사/전통
28101,고산 윤선도 유적지,281,261,1,0,실외,종교/역사/전통
28102,대흥사,281,261,2,2,실외,종교/역사/전통
28103,땅끝관광지,281,261,3,5,실외,자연/힐링
28104,간척지 담수호 주변 철새도래지,281,261,4,8,실외,자연/힐링
28105,우항리 공룡화석자연사유적지,281,261,5,10,실외,종교/역사/전통
28201,밤별캠핑장,282,127,1,0,실외,캠핑/스포츠
28202,대리마을 산골농원,282,300,2,4,실내,체험/학습/산업
28203,일중요 (밤골도예),282,127,3,8,실내,체험/학습/산업
28204,앙성탄산온천,282,127,4,10,실내,자연/힐링
28301,무릉계곡,283,106,1,0,실외,자연/힐링
28302,추암해변,283,106,2,2,실외,자연/힐링
28303,천곡동굴,283,106,3,4,실내,자연/힐링
28304,망상해변,283,106,4,7,실외,자연/힐링
28305,묵호항,283,106,5,9,실외,자연/힐링
28306,묵호등대,283,106,6,11,실내,자연/힐링
28307,논골담길,283,106,7,13,실외,자연/힐링
28401,이화원 나비스토리,284,300,1,0,실외,자연/힐링
28402,무주채폭포,284,300,2,3,실외,자연/힐링
28403,강씨봉자연휴양림,284,300,3,5,실외,자연/힐링
28404,명지산생태전시관,284,300,4,7,실내,체험/학습/산업
28405,남송미술관,284,300,5,9,실내,문화/예술
28406,가평현암농경유물박물관,284,300,6,12,실내,체험/학습/산업
28501,홍룡폭포,285,257,1,0,실외,자연/힐링
28502,내원사,285,257,2,2,실외,종교/역사/전통
28503,법기수원지,285,257,3,5,실외,자연/힐링
28504,양산타워,285,257,4,7,실내,자연/힐링
28505,남부시장,285,257,5,9,실외,쇼핑/놀이
28506,통도환타지아,285,257,6,12,실외,쇼핑/놀이
28507,대운산자연휴양림,285,257,7,14,실외,자연/힐링
28601,내연산계곡,286,138,1,0,실외,자연/힐링
28602,덕동문화마을,286,138,2,2,실외,자연/힐링
28603,비학산자연휴양림,286,138,3,5,실외,자연/힐링
28604,영일대 전망대,286,138,4,7,실내,자연/힐링
28605,포항해양스포츠아카데미,286,138,5,9,실외,체험/학습/산업
28606,칠포해수욕장,286,138,6,12,실외,자연/힐링
28701,야생화 압화전시관,287,310,1,0,실외,체험/학습/산업
28702,지리산치즈랜드,287,310,2,2,실외,체험/학습/산업
28703,수락폭포,287,310,3,5,실외,자연/힐링
28704,사성암,287,310,4,7,실외,종교/역사/전통
28705,섬진강어류생태관,287,310,5,10,실내,체험/학습/산업
28706,운조루,287,310,6,12,실외,종교/역사/전통
28707,화엄사,287,310,7,14,실외,종교/역사/전통
28708,반달가슴곰생태학습장,287,310,8,16,실외,체험/학습/산업
28801,실상사,288,247,1,0,실외,종교/역사/전통
28802,직소폭포,288,243,2,6,실외,자연/힐링
28803,내소사,288,243,3,8,실외,종교/역사/전통
28804,채석강,288,243,4,10,실외,자연/힐링
28805,격포해변,288,243,5,12,실외,자연/힐링
28806,금구원야외조각미술관,288,243,6,14,실내,문화/예술
28807,개암사,288,243,7,17,실외,종교/역사/전통
28901,금산산림문화타운,289,238,1,0,실외,캠핑/스포츠
28902,십이폭포,289,238,2,2,실외,자연/힐링
28903,개삼터공원,289,238,3,5,실외,자연/힐링
28904,인삼약초시장,289,238,4,7,실내,쇼핑/놀이
28905,금산향토관,289,238,5,9,실내,체험/학습/산업
28906,금강생태과학체험관,289,238,6,11,실내,체험/학습/산업
28907,적벽강,289,238,7,13,실외,자연/힐링
29001,수옥폭포,290,309,1,0,실외,자연/힐링
29002,한지체험박물관,290,309,2,2,실내,체험/학습/산업
29003,화양구곡,290,309,3,5,실외,자연/힐링
29004,선유구곡,290,309,4,7,실외,자연/힐링
29005,쌍곡구곡,290,309,5,9,실외,자연/힐링
29006,산막이옛길,290,309,6,12,실외,자연/힐링
29007,둔율올갱이마을,290,309,7,14,실외,자연/힐링
29008,용추폭포,290,309,8,16,실외,자연/힐링
29101,양림동 역사문화마을,291,156,1,0,실외,문화/예술
29102,양림산,291,156,2,2,실외,자연/힐링
29103,사직공원 전망대,291,156,3,4,실내,자연/힐링
29104,의재미술관,291,156,4,6,실내,문화/예술
29105,증심사,291,156,5,8,실외,종교/역사/전통
29201,무녕왕릉,292,307,1,0,실내,종교/역사/전통
29202,고마나루,292,307,2,2,실외,자연/힐링
29203,국립공주박물관,292,307,3,4,실내,종교/역사/전통
29204,공주정지산유적,292,307,4,6,실외,종교/역사/전통
29205,금학생태공원,292,307,5,8,실외,자연/힐링
29206,갑사,292,307,6,11,실외,종교/역사/전통
29207,신원사,292,307,7,13,실외,종교/역사/전통
29301,제이드가든,293,101,1,0,실외,자연/힐링
29302,김유정문학촌,293,101,2,3,실외,문화/예술
29303,공지천,293,101,3,5,실외,자연/힐링
29304,물레길,293,101,4,7,실외,자연/힐링
29305,강원도립화목원,293,101,5,9,실외,자연/힐링
29306,애니메이션박물관,293,101,6,11,실내,체험/학습/산업
29307,청평사,293,101,7,13,실외,종교/역사/전통
29401,암남공원,294,159,1,0,실외,자연/힐링
29402,아미산전망대,294,159,2,2,실내,자연/힐링
29403,낙동강하구에코센터,294,159,3,4,실내,체험/학습/산업
29404,해동용궁사,294,159,4,7,실외,종교/역사/전통
29405,수산과학관,294,159,5,9,실내,체험/학습/산업
29406,죽성리 드림 오픈세트장,294,159,6,12,실외,자연/힐링
29407,기장 대변항,294,159,7,14,실외,자연/힐링
29408,일광해수욕장,294,159,8,16,실외,자연/힐링
29501,광화문,295,108,1,0,실외,종교/역사/전통
29502,서울애니메이션센터,295,108,2,2,실외,체험/학습/산업
29503,남산,295,108,3,4,실외,자연/힐링
29504,63스퀘어,295,108,4,6,실내,체험/학습/산업
29505,트릭아트미술관,295,108,5,8,실내,문화/예술
29506,인사동,295,108,6,11,실외,문화/예술
29507,북촌 한옥마을,295,108,7,13,실외,종교/역사/전통
29508,창덕궁,295,108,8,15,실외,종교/역사/전통
29509,청계광장,295,108,9,17,실외,자연/힐링
29601,양구생태식물원,296,328,1,0,실외,자연/힐링
29602,DMZ야생동물생태관,296,328,2,2,실내,체험/학습/산업
29603,두타연,296,328,3,4,실외,자연/힐링
29604,백자박물관,296,328,4,7,실내,종교/역사/전통
29605,이해인시문학과 김형석 안병욱 철학의집,296,328,5,9,실내,문화/예술
29606,한반도섬,296,328,6,11,실외,자연/힐링
29607,양구레포츠공원,296,328,7,13,실외,자연/힐링
29701,천장호 출렁다리,297,349,1,0,실외,자연/힐링
29702,고운식물원,297,349,2,3,실외,자연/힐링
29703,칠갑산천문대,297,349,3,5,실내,자연/힐링
29704,장승공원,297,349,4,7,실외,자연/힐링
29705,목재문화체험장,297,349,5,9,실내,체험/학습/산업
29801,기청산 식물원,298,138,1,0,실외,자연/힐링
29802,보경사,298,138,2,2,실외,종교/역사/전통
29803,내연산 12폭포,298,138,3,4,실외,자연/힐링
29804,경상북도 수목원,298,138,4,7,실외,자연/힐링
29805,영행대해수욕장,298,138,5,10,실외,자연/힐링
29806,포항운하,298,138,6,13,실외,자연/힐링
29901,가야산야생화식물원,299,138,1,0,실외,자연/힐링
29902,심원사,299,138,2,2,실외,종교/역사/전통
29903,사우당종택,299,138,3,4,실외,종교/역사/전통
29904,성주오일장,299,138,4,7,실외,쇼핑/놀이
29905,성주 경산리 성밖숲,299,138,5,9,실외,자연/힐링
30001,충주댐,300,127,1,0,실외,자연/힐링
30002,반딧불 캠핑장,300,127,2,3,실외,캠핑/스포츠
30003,중앙탑 사적공원,300,127,3,5,실외,문화/예술
30004,탄금대,300,127,4,8,실외,자연/힐링
30005,수안보온천,300,127,5,10,실내,자연/힐링
30101,학동자동차야영장,301,294,1,0,실외,캠핑/스포츠
30102,바람의 언덕,301,294,2,2,실외,자연/힐링
30103,신선대,301,294,3,4,실외,자연/힐링
30104,외도,301,294,4,7,실외,자연/힐링
30201,아트인아일랜드캠핑장,302,353,1,0,실외,캠핑/스포츠
30202,무이 예술관,302,353,2,2,실외,문화/예술
30203,허브나라,302,353,3,4,실외,자연/힐링
30204,이효석문화마을,302,353,4,6,실외,문화/예술
30301,대관령 자연휴양림,303,105,1,0,실외,자연/힐링
30302,오죽헌,303,105,2,2,실외,종교/역사/전통
30303,참소리박물관,303,105,3,4,실내,문화/예술
30304,경포대,303,105,4,7,실외,자연/힐링
30305,대관령 양떼목장,303,105,5,9,실외,자연/힐링
30401,검봉산 자연휴양림,304,322,1,0,실외,자연/힐링
30402,해양 레일바이크,304,322,2,2,실외,자연/힐링
30403,장호항,304,322,3,4,실외,자연/힐링
30404,덕풍계곡,304,322,4,7,실외,자연/힐링
30501,소백산 국립공원 삼가 야영장,305,272,1,0,실외,캠핑/스포츠
30502,소수서원,305,272,2,2,실외,종교/역사/전통
30503,선비촌,305,272,3,4,실외,종교/역사/전통
30504,부석사,305,272,4,7,실외,종교/역사/전통
30601,태종대유원지,306,159,1,0,실외,자연/힐링
30602,자갈치마켓,306,159,2,2,실외,쇼핑/놀이
30603,BIFF 거리 극장,306,159,3,4,실외,문화/예술
30604,국제시장,306,159,4,6,실외,쇼핑/놀이
30605,용두산공원,306,159,5,8,실외,자연/힐링
30606,광안대교,306,159,6,11,실외,자연/힐링
30607,해운대 해수욕장,306,159,7,13,실외,자연/힐링
30608,오륙도,306,159,8,15,실외,자연/힐링
30609,달맞이고개,306,159,9,17,실외,자연/힐링
30610,해동용궁사,306,159,10,19,실외,종교/역사/전통
30701,해운대 해수욕장,307,159,1,0,실외,자연/힐링
30702,동백섬,307,159,2,2,실외,자연/힐링
30703,부산아쿠아리움,307,159,3,4,실내,자연/힐링
30704,오륙도,307,159,4,6,실외,자연/힐링
30705,낭만의 언덕 달맞이길,307,159,5,9,실외,자연/힐링
30706,해동용궁사,307,159,6,11,실외,종교/역사/전통
30707,송도해수욕장,307,159,7,14,실외,자연/힐링
30708,암남공원,307,159,8,16,실외,자연/힐링
30709,아미산전망대,307,159,9,18,실내,자연/힐링
30710,다대포 꿈의 낙조분수,307,159,10,20,실외,자연/힐링
30711,을숙도,307,159,11,22,실외,자연/힐링
30801,태종대 전망대,308,159,1,0,실내,자연/힐링
30802,자갈치마켓,308,159,2,2,실외,쇼핑/놀이
30803,BIFF 거리 극장,308,159,3,4,실외,문화/예술
30804,국제시장,308,159,4,6,실외,종교/역사/전통
30805,용두산공원,308,159,5,8,실외,자연/힐링
30806,금정산 금정8경,308,159,6,11,실외,자연/힐링
30807,동래온천,308,159,7,13,실내,자연/힐링
30808,복천박물관,308,159,8,15,실내,종교/역사/전통
30809,충렬사,308,159,9,17,실외,종교/역사/전통
30810,부산박물관 문화체험관,308,159,10,20,실내,종교/역사/전통
30811,UN 기념공원,308,159,11,22,실외,종교/역사/전통
30901,자갈치마켓시장,309,159,1,0,실외,쇼핑/놀이
30902,용두산공원,309,159,2,2,실외,자연/힐링
30903,감천문화마을,309,159,3,4,실외,문화/예술
30904,영도문화의거리,309,159,4,6,실외,문화/예술
30905,다대포 해수욕장,309,159,5,9,실외,자연/힐링
30906,해동용궁사,309,159,6,11,실외,종교/역사/전통
30907,미포,309,159,7,14,실외,문화/예술
30908,오륙도,309,159,8,16,실외,자연/힐링
30909,달맞이고개,309,159,9,18,실외,자연/힐링
30910,누리마루 APEC 하우스,309,159,10,20,실외,문화/예술
30911,황령산 봉수대,309,159,11,23,실외,자연/힐링
30912,광안대교(다이아몬드브릿지),309,159,12,25,실외,자연/힐링
31001,태종대 전망대,310,159,1,0,실내,자연/힐링
31002,자갈치마켓,310,159,2,2,실외,쇼핑/놀이
31003,BIFF 거리 극장,310,159,3,4,실외,문화/예술
31004,국제시장,310,159,4,6,실외,종교/역사/전통
31005,용두산공원,310,159,5,8,실외,자연/힐링
31006,광안대교,310,159,6,11,실외,자연/힐링
31007,해운대 해수욕장,310,159,7,13,실외,자연/힐링
31008,오륙도,310,159,8,15,실외,자연/힐링
31009,달맞이고개,310,159,9,17,실외,자연/힐링
31010,해동용궁사,310,159,10,19,실외,종교/역사/전통
31011,범어사,310,159,11,22,실외,종교/역사/전통
31012,동래온천,310,159,12,24,실내,자연/힐링
31013,부산박물관 문화체험관,310,159,13,27,실내,문화/예술
31014,UN 기념공원,310,159,14,29,실외,종교/역사/전통
31015,을숙도 철새공원,310,159,15,31,실외,자연/힐링
31016,아미산전망대,310,159,16,33,실내,자연/힐링
31017,다대포 꿈의 낙조분수,310,159,17,36,실외,자연/힐링
31101,수성못,311,143,1,0,실외,자연/힐링
31102,수성랜드 아이스링크,311,143,2,2,실내,쇼핑/놀이
31103,들안길 먹거리타운,311,143,3,4,실외,쇼핑/놀이
31104,이월드/83타워,311,143,4,6,실내,쇼핑/놀이
31105,김광석길,311,143,5,8,실외,문화/예술
31201,팔공산 하늘정원,312,143,1,0,실외,자연/힐링
31202,팔공산 동화지구,312,143,2,2,실외,쇼핑/놀이
31203,패션쥬얼리타운,312,143,3,5,실외,쇼핑/놀이
31204,동성로,312,143,4,7,실외,쇼핑/놀이
31301,앞산공원 전망대,313,143,1,0,실내,자연/힐링
31302,앞산카페거리,313,143,2,2,실외,쇼핑/놀이
31303,이월드/83타워,313,143,3,4,실내,쇼핑/놀이
31304,수성못,313,143,4,6,실외,자연/힐링
31305,들안길먹거리타운,313,143,5,8,실외,쇼핑/놀이
31306,대구미술관,313,143,6,11,실내,문화/예술
31307,forRest 스파밸리,313,143,7,13,실내,쇼핑/놀이
31308,힐크레스트 허브힐즈,313,143,8,15,실외,자연/힐링
31401,도동서원,314,143,1,0,실외,종교/역사/전통
31402,낙동강자전거길,314,143,2,3,실외,자연/힐링
31403,호산동메타세콰이어숲길,314,143,3,5,실외,자연/힐링
31404,사문진주막촌,314,143,4,7,실외,쇼핑/놀이
31405,대구수목원,314,143,5,9,실외,자연/힐링
31406,인흥마을,314,143,6,11,실외,종교/역사/전통
31407,하중도,314,143,7,14,실외,자연/힐링
31501,불로동 고분군,315,143,1,0,실외,종교/역사/전통
31502,신숭겸장군유적지,315,143,2,2,실외,종교/역사/전통
31503,팔공산산중전통장터,315,143,3,4,실외,종교/역사/전통
31504,팔공산하늘정원,315,143,4,6,실외,자연/힐링
31505,동화사,315,143,5,8,실외,종교/역사/전통
31506,팔공산올레1길,315,143,6,10,실외,자연/힐링
31601,이월드/83타워,316,143,1,0,실내,쇼핑/놀이
31602,근대골목,316,143,2,2,실외,종교/역사/전통
31603,동성로,316,143,3,4,실외,쇼핑/놀이
31604,김광석길,316,143,4,6,실외,문화/예술
31605,팔공산하늘정원,316,143,5,9,실외,자연/힐링
31606,동화사,316,143,6,11,실외,종교/역사/전통
31701,이월드/83타워,317,143,1,0,실내,쇼핑/놀이
31702,서문시장,317,143,2,2,실외,쇼핑/놀이
31703,가톨릭타운,317,143,3,4,실외,종교/역사/전통
31704,삼성상회옛터,317,143,4,6,실외,종교/역사/전통
31705,약령시 한의학박물관,317,143,5,8,실내,체험/학습/산업
31706,동성로,317,143,6,10,실외,쇼핑/놀이
31707,벨뱃갤러리 영도다움,317,143,7,12,실외,문화/예술
31708,김광석길,317,143,8,14,실외,문화/예술
31801,앞산공원 전망대,318,143,1,0,실외,자연/힐링
31802,수성못,318,143,2,2,실외,자연/힐링
31803,들안길먹거리타운,318,143,3,4,실외,쇼핑/놀이
31804,forRest 스파밸리,318,143,4,6,실내,쇼핑/놀이
31805,힐크레스트 허브힐즈,318,143,5,8,실외,자연/힐링
31806,녹동서원,318,143,6,11,실외,종교/역사/전통
31807,대구미술관,318,143,7,13,실내,문화/예술
31901,강정고령보,319,143,1,0,실외,자연/힐링
31902,도동서원,319,143,2,3,실외,종교/역사/전통
31903,국립대구과학관,319,143,3,5,실내,체험/학습/산업
31904,비슬산자연휴양림,319,143,4,8,실외,자연/힐링
31905,마비정 벽화마을,319,143,5,10,실외,문화/예술
31906,대구수목원,319,143,6,13,실외,자연/힐링
32001,팔공산 하늘정원,320,143,1,0,실외,자연/힐링
32002,시민안전테마파크,320,143,2,2,실내,체험/학습/산업
32003,동화사,320,143,3,4,실외,종교/역사/전통
32004,방짜유기박물관,320,143,4,6,실내,종교/역사/전통
32005,갓바위,320,143,5,9,실외,자연/힐링
32101,청라언덕,321,143,1,0,실외,문화/예술
32102,서문시장,321,143,2,2,실외,쇼핑/놀이
32103,삼성상회옛터,321,143,3,4,실외,종교/역사/전통
32104,대구예술발전소,321,143,4,6,실내,문화/예술
32105,북성로 공구박물관,321,143,5,8,실내,체험/학습/산업
32106,향촌문화관,321,143,6,10,실내,문화/예술
32201,월봉서원,322,156,1,0,실외,종교/역사/전통
32202,김대중컨벤션센터,322,156,2,2,실내,문화/예술
32203,5·18자유공원,322,156,3,4,실외,체험/학습/산업
32204,양동시장,322,156,4,7,실외,쇼핑/놀이
32205,양림동역사문화마을,322,156,5,9,실외,문화/예술
32206,원효사,322,156,6,11,실외,종교/역사/전통
32207,광주호 호수생태공원,322,156,7,13,실외,자연/힐링
32208,환벽당/소쇄원,322,156,8,15,실외,종교/역사/전통
32209,대인예술시장,322,156,9,18,실외,문화/예술
32301,시립민속박물관,323,156,1,0,실내,종교/역사/전통
32302,국립5·18민주묘지,323,156,2,2,실외,종교/역사/전통
32303,광주호 호수생태공원,323,156,3,5,실외,자연/힐링
32304,환벽당/소쇄원,323,156,4,7,실외,종교/역사/전통
32305,무등산,323,156,5,9,실외,자연/힐링
32306,의재미술관,323,156,6,11,실내,문화/예술
32307,양림동역사문화마을,323,156,7,13,실외,종교/역사/전통
32401,시립민속박물관,324,156,1,0,실내,종교/역사/전통
32402,광주학생독립운동기념관,324,156,2,2,실내,종교/역사/전통
32403,대인예술시장,324,156,3,4,실외,문화/예술
32404,예술의거리,324,156,4,6,실외,문화/예술
32405,무돌길,324,156,5,8,실외,자연/힐링
32406,광주호 호수생태원,324,156,6,11,실외,자연/힐링
32407,양림동역사문화마을,324,156,7,13,실외,종교/역사/전통
32501,국립5·18민주묘지,325,156,1,0,실외,종교/역사/전통
32502,시립민속박물관,325,156,2,2,실내,종교/역사/전통
32503,시립미술관,325,156,3,4,실내,문화/예술
32504,대인예술시장,325,156,4,6,실외,문화/예술
32505,광주폴리,325,156,5,9,실외,문화/예술
32506,증심사,325,156,6,11,실외,종교/역사/전통
32507,의재미술관,325,156,7,13,실내,문화/예술
32508,양림동역사문화마을,325,156,8,16,실외,종교/역사/전통
32509,양동시장,325,156,9,18,실외,쇼핑/놀이
32510,국립광주박물관,325,156,10,20,실내,종교/역사/전통
32511,시립민속박물관,325,156,11,22,실내,종교/역사/전통
32512,월봉서원,325,156,12,25,실외,종교/역사/전통
32601,증심사,326,156,1,0,실외,종교/역사/전통
32602,의재미술관,326,156,2,2,실내,문화/예술
32603,전통문화관,326,156,3,4,실외,종교/역사/전통
32604,예술의거리,326,156,4,6,실외,문화/예술
32605,광주김치타운,326,156,5,8,실내,체험/학습/산업
32606,양림동역사문화마을,326,156,6,11,실외,종교/역사/전통
32607,국립광주박물관,326,156,7,13,실내,종교/역사/전통
32608,광주비엔날레,326,156,8,15,실외,문화/예술
32701,시화문화마을,327,156,1,0,실외,문화/예술
32702,광주호 호수생태공원,327,156,2,2,실외,자연/힐링
32703,광주김치타운,327,156,3,5,실내,체험/학습/산업
32704,예술의거리,327,156,4,7,실외,문화/예술
32705,국립광주박물관,327,156,5,9,실내,종교/역사/전통
32706,시립민속박물관,327,156,6,11,실내,종교/역사/전통
32707,국립5·18민주묘지,327,156,7,13,실외,종교/역사/전통
32708,김대중컨벤션센터,327,156,8,16,실내,문화/예술
32709,양동시장,327,156,9,18,실외,쇼핑/놀이
32801,시립민속박물관,328,156,1,0,실내,종교/역사/전통
32802,광주호 호수생태공원,328,156,2,2,실외,자연/힐링
32803,국립5·18민주묘지,328,156,3,5,실외,종교/역사/전통
32804,충장로,328,156,4,7,실외,쇼핑/놀이
32805,예술의거리,328,156,5,9,실외,문화/예술
32806,광주김치타운,328,156,6,11,실내,체험/학습/산업
32807,증심사,328,156,7,14,실외,종교/역사/전통
32808,전통문화관,328,156,8,16,실외,종교/역사/전통
32901,국립광주박물관,329,156,1,0,실내,종교/역사/전통
32902,국립5·18민주묘지,329,156,2,2,실외,종교/역사/전통
32903,광주호 호수생태공원,329,156,3,5,실외,자연/힐링
32904,충장로,329,156,4,7,실외,쇼핑/놀이
32905,무등산,329,156,5,9,실외,자연/힐링
32906,증심사,329,156,6,11,실외,종교/역사/전통
32907,전통문화관,329,156,7,13,실외,종교/역사/전통
32908,광주김치타운,329,156,8,16,실내,체험/학습/산업
32909,양림동역사문화마을,329,156,9,18,실외,종교/역사/전통
33001,남도향토음식박물관,330,156,1,0,실내,종교/역사/전통
33002,국립5·18민주묘지,330,156,2,2,실외,종교/역사/전통
33003,빛고을공예창작촌,330,156,3,5,실외,체험/학습/산업
33004,전통문화관,330,156,4,7,실외,종교/역사/전통
33005,운림제,330,156,5,9,실외,자연/힐링
33006,기아자동차 광주공장,330,156,6,11,실내,체험/학습/산업
33007,T스퀘어,330,156,7,14,실내,체험/학습/산업
33101,고싸움테마파크,331,156,1,0,실외,체험/학습/산업
33102,광주김치타운,331,156,2,2,실내,체험/학습/산업
33103,전통문화관,331,156,3,5,실외,종교/역사/전통
33104,기아자동차 광주공장,331,156,4,7,실내,체험/학습/산업
33105,남도향토음식박물관,331,156,5,9,실내,종교/역사/전통
33106,시립민속박물관,331,156,6,11,실내,종교/역사/전통
33107,빛고을공예창작촌,331,156,7,14,실외,체험/학습/산업
33108,T스퀘어,331,156,8,16,실내,체험/학습/산업
33201,기아자동차 광주공장,332,156,1,0,실내,체험/학습/산업
33202,전통문화관,332,156,2,2,실외,종교/역사/전통
33203,남도향토음식박물관,332,156,3,5,실내,종교/역사/전통
33204,광주비엔날레,332,156,4,7,실외,문화/예술
33205,시립민속박물관,332,156,5,9,실내,종교/역사/전통
33206,시립미술관,332,156,6,11,실내,문화/예술
33207,빛고을공예창작촌,332,156,7,13,실외,체험/학습/산업
33208,T스퀘어,332,156,8,16,실내,체험/학습/산업
33301,새만금방조제,333,140,1,0,실외,자연/힐링
33302,채석강,333,243,2,3,실외,자연/힐링
33303,백양사,333,156,3,8,실외,종교/역사/전통
33304,양림동역사문화마을,333,156,4,10,실외,종교/역사/전통
33305,대인예술시장,333,156,5,12,실외,문화/예술
33306,소쇄원,333,317,6,14,실외,자연/힐링
33307,메타세퀘이어길,333,317,7,17,실외,자연/힐링
33308,죽녹원,333,317,8,19,실외,자연/힐링
33401,새만금방조제,334,140,1,0,실외,자연/힐링
33402,선운사,334,172,2,4,실외,종교/역사/전통
33403,법성포불교도래지,334,252,3,7,실외,종교/역사/전통
33404,백수해안도로,334,252,4,9,실외,자연/힐링
33405,증도 슬로우시티,334,325,5,12,실외,자연/힐링
33406,나주천연염색박물관,334,313,6,16,실내,체험/학습/산업
33407,T스퀘어,334,156,7,19,실내,체험/학습/산업
33408,박용철생가,334,156,8,21,실외,문화/예술
33409,풍영정,334,156,9,23,실외,종교/역사/전통
33410,전통문화관,334,156,10,25,실외,종교/역사/전통
33411,국립광주박물관,334,156,11,28,실내,종교/역사/전통
33412,국립5·18민주묘지,334,156,12,30,실외,종교/역사/전통
33413,소쇄원,334,317,13,32,실외,자연/힐링
33414,죽녹원,334,317,14,35,실외,자연/힐링
33415,메타세퀘이어길,334,317,15,37,실외,자연/힐링
33501,여수엑스포,335,168,1,0,실외,체험/학습/산업
33502,송광사,335,174,2,4,실외,종교/역사/전통
33503,증심사,335,156,3,7,실외,종교/역사/전통
33504,의재미술관,335,156,4,9,실내,문화/예술
33505,금산사,335,146,5,14,실외,종교/역사/전통
33506,한옥마을,335,146,6,16,실외,종교/역사/전통
33601,여수엑스포,336,168,1,0,실외,체험/학습/산업
33602,보성녹차밭,336,258,2,4,실외,자연/힐링
33603,운주사,336,360,3,7,실외,종교/역사/전통
33604,증심사,336,156,4,10,실외,종교/역사/전통
33605,전통문화관,336,156,5,12,실외,종교/역사/전통
33606,대인예술시장,336,156,6,14,실외,문화/예술
33607,국립광주박물관,336,156,7,16,실내,종교/역사/전통
33608,고창읍성,336,172,8,20,실외,종교/역사/전통
33609,내소사,336,243,9,23,실외,종교/역사/전통
33610,채석강,336,243,10,25,실외,자연/힐링
33611,개암사,336,243,11,27,실외,종교/역사/전통
33701,우드랜드,337,260,1,0,실외,자연/힐링
33702,운주사,337,360,2,3,실외,종교/역사/전통
33703,도곡온천,337,360,3,5,실내,자연/힐링
33704,국립5·18민주묘지,337,156,4,8,실외,종교/역사/전통
33705,충장사,337,156,5,11,실외,종교/역사/전통
33706,소쇄원,337,317,6,13,실외,자연/힐링
33707,한옥마을,337,146,7,17,실외,종교/역사/전통
33812,고추장마을,338,254,12,27,실외,체험/학습/산업
33813,광한루,338,247,13,30,실외,종교/역사/전통
33814,실상사,338,247,14,33,실외,종교/역사/전통
33815,뱀사골,338,247,15,35,실외,자연/힐링
33801,해남땅끝,338,261,1,0,실외,자연/힐링
33802,미황사,338,261,2,3,실외,종교/역사/전통
33803,녹우당,338,261,3,5,실외,자연/힐링
33804,왕인박사유적지,338,333,4,8,실외,종교/역사/전통
33805,반남고분군,338,313,5,11,실외,종교/역사/전통
33806,나주천연염색박물관,338,313,6,13,실내,체험/학습/산업
33807,빛고을공예창작촌,338,156,7,16,실외,체험/학습/산업
33808,포충사,338,156,8,18,실외,종교/역사/전통
33809,국립5·18민주묘지,338,156,9,20,실외,종교/역사/전통
33810,죽녹원,338,317,10,23,실외,자연/힐링
33811,메타세퀘이어길,338,317,11,25,실외,자연/힐링
33901,동화마을,339,112,1,0,실외,체험/학습/산업
33902,차이나타운,339,112,2,2,실외,체험/학습/산업
33903,자유공원,339,112,3,4,실외,자연/힐링
33904,인천개항박물관,339,112,4,6,실내,체험/학습/산업
33905,인천아트플랫폼,339,112,5,8,실외,문화/예술
33906,신포국제시장,339,112,6,10,실외,쇼핑/놀이
33907,월미공원,339,112,7,12,실외,자연/힐링
33908,연안부두 해양광장,339,112,8,14,실외,자연/힐링
33909,중구문화회관,339,112,9,16,실내,문화/예술
34001,무의도,340,112,1,0,실외,자연/힐링
34002,연안부두(해수탕),340,112,2,3,실외,자연/힐링
34003,중구문화회관,340,112,3,5,실내,문화/예술
34004,개항장 역사문화지구,340,112,4,7,실외,종교/역사/전통
34005,차이나타운,340,112,5,9,실외,체험/학습/산업
34006,동화마을,340,112,6,11,실외,체험/학습/산업
34007,월미공원,340,112,7,13,실외,자연/힐링
34101,엑스포과학공원,341,133,1,0,실내,체험/학습/산업
34102,지질박물관,341,133,2,2,실내,체험/학습/산업
34103,화폐박물관,341,133,3,4,실내,종교/역사/전통
34104,한밭수목원,341,133,4,6,실외,자연/힐링
34105,엑스포다리,341,133,5,8,실외,자연/힐링
34106,오월드,341,133,6,11,실외,쇼핑/놀이
34107,뿌리공원,341,133,7,13,실외,자연/힐링
34108,계족산,341,133,8,15,실외,자연/힐링
34201,엑스포과학공원,342,133,1,0,실내,체험/학습/산업
34202,지질박물관,342,133,2,2,실내,체험/학습/산업
34203,화폐박물관,342,133,3,4,실내,종교/역사/전통
34204,한밭수목원,342,133,4,6,실외,자연/힐링
34205,엑스포다리,342,133,5,8,실외,자연/힐링
34206,오월드,342,133,6,11,실외,쇼핑/놀이
34207,뿌리공원,342,133,7,13,실외,자연/힐링
34208,계족산,342,133,8,15,실외,자연/힐링
34209,청남대,342,131,9,17,실외,자연/힐링
34210,문의문화재단지,342,131,10,19,실외,체험/학습/산업
34211,상수허브랜드,342,131,11,22,실외,자연/힐링
34301,간절곶,343,152,1,0,실외,자연/힐링
34302,진하해수욕장,343,152,2,2,실외,자연/힐링
34303,일산해수욕장,343,152,3,5,실외,자연/힐링
34304,대왕암대공원,343,152,4,7,실외,자연/힐링
34305,주전·강동해변,343,152,5,9,실외,자연/힐링
34306,간월재,343,152,6,13,실외,자연/힐링
34307,신불산,343,152,7,15,실외,자연/힐링
34308,신불재,343,152,8,17,실외,자연/힐링
34309,영축산,343,152,9,19,실외,자연/힐링
34401,현대자동차,344,152,1,0,실내,체험/학습/산업
34402,현대중공업,344,152,2,2,실내,체험/학습/산업
34403,박제상 유적지,344,152,3,5,실외,종교/역사/전통
34404,울산암각화박물관,344,152,4,7,실내,종교/역사/전통
34405,반구대 암각화,344,152,5,9,실외,종교/역사/전통
34406,울주 천전리각석,344,152,6,11,실외,종교/역사/전통
34407,석남사,344,152,7,14,실외,종교/역사/전통
34408,간월사지,344,152,8,16,실외,종교/역사/전통
34409,작괘천,344,152,9,18,실외,자연/힐링
34501,태화강대공원,345,152,1,0,실외,자연/힐링
34502,울산대공원,345,152,2,2,실외,자연/힐링
34503,울산박물관,345,152,3,4,실내,체험/학습/산업
34504,울산체육공원,345,152,4,6,실외,자연/힐링
34505,외고산옹기마을,345,152,5,9,실외,체험/학습/산업
34601,뒤웅박고을,346,239,1,0,실외,종교/역사/전통
34602,시립 민속박물관,346,239,2,2,실내,종교/역사/전통
34603,비암사,346,239,3,4,실외,종교/역사/전통
34604,영평사,346,239,4,7,실외,종교/역사/전통
34605,교과서박물관,346,239,5,9,실내,종교/역사/전통
34606,세종전통시장,346,239,6,12,실외,쇼핑/놀이
34701,금강자연휴양림,347,239,1,0,실외,자연/힐링
34702,조천연꽃공원,347,239,2,3,실외,자연/힐링
34703,고복자연공원,347,239,3,5,실외,자연/힐링
34704,베어트리파크,347,239,4,7,실외,자연/힐링
34801,봉산동향나무,348,239,1,0,실외,종교/역사/전통
34802,운주산성,348,239,2,2,실외,종교/역사/전통
34803,금이성,348,239,3,5,실외,종교/역사/전통
34804,김종서장군묘,348,239,4,7,실외,종교/역사/전통
34805,금강대도,348,239,5,9,실외,종교/역사/전통
34806,문절사,348,239,6,12,실외,종교/역사/전통
34901,밀마루전망대,349,239,1,0,실내,자연/힐링
34902,세종호수공원,349,239,2,2,실외,자연/힐링
34903,세종보,349,239,3,4,실외,자연/힐링
34904,독락정,349,239,4,6,실외,종교/역사/전통
34905,합강공원오토캠핑장,349,239,5,8,실외,캠핑/스포츠
34906,우주측지관측센터,349,239,6,11,실내,체험/학습/산업
35001,두물머리,350,202,1,0,실외,자연/힐링
35002,양평레일바이크,350,202,2,3,실외,자연/힐링
35003,용문산관광지,350,202,3,5,실외,자연/힐링
35004,민물고기생태박물관,350,202,4,7,실내,체험/학습/산업
35005,미리내승마클럽,350,202,5,10,실외,캠핑/스포츠
35006,몽양여운형기념관,350,202,6,12,실내,종교/역사/전통
35101,세미원,351,202,1,0,실외,자연/힐링
35102,보릿고개마을,351,202,2,3,실외,체험/학습/산업
35103,친환경농업박물관,351,202,3,5,실내,체험/학습/산업
35104,양평물소리길,351,202,4,7,실외,자연/힐링
35105,황순원문학촌 소나기마을,351,202,5,10,실외,문화/예술
35201,두물머리,352,202,1,0,실외,자연/힐링
35202,용문산관광지,352,202,2,3,실외,자연/힐링
35203,용문산,352,202,3,5,실외,자연/힐링
35204,양평레일바이크,352,202,4,7,실외,자연/힐링
35205,양평군립미술관,352,202,5,9,실내,문화/예술
35206,들꽃수목원,352,202,6,11,실외,자연/힐링
35301,수타사,353,212,1,0,실외,종교/역사/전통
35302,번지점프,353,211,2,4,실외,캠핑/스포츠
35303,통일전망대,353,304,3,8,실외,자연/힐링
35304,김일성 별장,353,304,4,10,실외,자연/힐링
35305,등대전망대,353,90,5,13,실내,자연/힐링
35306,아바이마을,353,90,6,15,실외,자연/힐링
35307,대포항,353,90,7,17,실외,자연/힐링
35401,대관령 양떼목장,354,105,1,0,실외,자연/힐링
35402,효석문학관,354,353,2,3,실외,문화/예술
35403,허브나라,354,353,3,5,실외,자연/힐링
35404,오죽헌,354,105,4,9,실외,종교/역사/전통
35405,바우길5코스,354,105,5,11,실외,자연/힐링
35406,커피거리,354,105,6,14,실외,자연/힐링
35407,낙산사,354,329,7,17,실외,종교/역사/전통
35501,검룡소,355,216,1,0,실외,자연/힐링
35502,황지연못,355,216,2,2,실외,자연/힐링
35503,바람의언덕,355,216,3,4,실외,자연/힐링
35504,고생대자연사박물관,355,216,4,7,실외,체험/학습/산업
35505,구문소,355,216,5,9,실내,자연/힐링
35506,태백산,355,216,6,11,실외,자연/힐링
35507,석탄박물관,355,216,7,13,실내,체험/학습/산업
35508,너와마을,355,322,8,16,실외,자연/힐링
35509,환선굴,355,322,9,19,실내,자연/힐링
35510,해양레일바이크,355,322,10,21,실외,캠핑/스포츠
35511,이사부사자공원,355,322,11,24,실외,자연/힐링
35512,삼척온천,355,322,12,26,실내,자연/힐링
35601,허브팜,356,114,1,0,실외,자연/힐링
35602,청령포,356,121,2,4,실외,종교/역사/전통
35603,검룡소,356,216,3,7,실외,자연/힐링
35604,정동진,356,105,4,11,실외,자연/힐링
35605,커피거리,356,105,5,14,실외,자연/힐링
35606,경포대,356,105,6,16,실외,자연/힐링
35607,주문진수산시장,356,105,7,18,실외,쇼핑/놀이
35608,아바이마을,356,90,8,22,실외,자연/힐링
35701,통일공원,357,105,1,0,실외,체험/학습/산업
35702,대관령박물관,357,105,2,3,실내,종교/역사/전통
35703,단오문화관,357,105,3,5,실내,문화/예술
35704,오죽헌,357,105,4,7,실외,종교/역사/전통
35705,경포대,357,105,5,9,실외,자연/힐링
35801,소양강댐,358,101,1,0,실외,자연/힐링
35802,애니메이션박물관,358,101,2,2,실내,체험/학습/산업
35803,올챙이추억 전시관,358,362,3,7,실내,체험/학습/산업
35804,하조대,358,329,4,11,실외,자연/힐링
35805,남애항,358,329,5,14,실외,자연/힐링
35806,설악산케이블카,358,90,6,17,실외,자연/힐링
35807,천산온천,358,90,7,19,실내,자연/힐링
35808,대포항,358,90,8,21,실외,자연/힐링
35809,통일전망대,358,304,9,25,실외,자연/힐링
35810,거진항,358,304,10,27,실외,자연/힐링
35901,하슬라아트월드,359,105,1,0,실내,문화/예술
35902,정동진,359,105,2,2,실외,자연/힐링
35903,망상해변,359,106,3,4,실외,자연/힐링
35904,고래화석박물관,359,106,4,7,실내,체험/학습/산업
36001,상수허브랜드,360,131,1,0,실외,자연/힐링
36002,문의문화재단지,360,131,2,2,실외,종교/역사/전통
36003,운보의집,360,350,3,5,실외,문화/예술
36004,진천종박물관,360,346,4,8,실외,종교/역사/전통
36005,길상사,360,346,5,10,실내,종교/역사/전통
36006,농다리,360,346,6,12,실외,자연/힐링
36007,민속체험박물관,360,344,7,15,실내,종교/역사/전통
36008,증평장뜰전통시장,360,344,8,17,실외,쇼핑/놀이
36101,상수허브랜드,361,131,1,0,실외,자연/힐링
36102,법주사,361,226,2,3,실외,종교/역사/전통
36103,삼년산성,361,226,3,6,실외,종교/역사/전통
36104,선병국가옥,361,226,4,8,실외,종교/역사/전통
36105,수암골,361,131,5,11,실외,문화/예술
36201,청풍호유람선,362,221,1,0,실외,자연/힐링
36202,청풍문화재단지,362,221,2,2,실외,종교/역사/전통
36203,고수동굴,362,316,3,5,실외,자연/힐링
36204,도담삼봉,362,316,4,7,실외,자연/힐링
36205,미륵리사지,362,127,5,10,실외,종교/역사/전통
36206,수안보온천,362,127,6,12,실내,자연/힐링
36207,반기문총장생가,362,340,7,15,실외,종교/역사/전통
36301,도담삼봉,363,316,1,0,실외,자연/힐링
36302,고수동굴,363,316,3,4,실외,자연/힐링
36303,충주호유람선,363,316,4,7,실외,자연/힐링
36304,법주사,363,226,5,11,실외,종교/역사/전통
36305,삼년산성,363,226,6,13,실외,종교/역사/전통
36306,청남대,363,131,7,16,실외,종교/역사/전통
36307,상수허브랜드,363,131,8,18,실외,자연/힐링
36401,장계관광지,364,337,1,0,실외,자연/힐링
36402,정지용문학관,364,337,2,2,실외,문화/예술
36403,난계국악전수관,364,332,3,5,실내,체험/학습/산업
36404,화양구곡,364,309,4,9,실외,자연/힐링
36405,초정약수,364,131,5,11,실외,자연/힐링
36406,수암골벽화마을,364,131,6,14,실외,문화/예술
36407,상수허브랜드,364,131,7,16,실외,자연/힐링
36501,오송국제바이오산업엑스포,365,131,1,0,실외,체험/학습/산업
36502,미래지테마공원,365,131,2,2,실외,자연/힐링
36503,좌구산 천문대,365,344,3,5,실내,체험/학습/산업
36504,성안길,365,131,5,10,실외,자연/힐링
36505,육거리시장,365,131,6,12,실외,쇼핑/놀이
36506,청남대,365,131,7,15,실외,종교/역사/전통
36601,충주고구려비,366,127,1,0,실외,종교/역사/전통
36602,세계술박물관 리쿼리움,366,127,2,2,실내,체험/학습/산업
36603,탄금대,366,127,3,4,실외,자연/힐링
36604,미륵대원지,366,127,4,7,실외,종교/역사/전통
36605,수안보 온천,366,127,5,10,실내,자연/힐링
36606,조령 제3관문,366,309,6,12,실외,자연/힐링
36607,산막이 옛길,366,309,7,15,실외,자연/힐링
36701,반기문총장생가,367,340,1,0,실외,종교/역사/전통
36702,민속체험박물관,367,344,2,3,실내,체험/학습/산업
36703,운보의집,367,350,3,5,실외,문화/예술
36704,초정약수,367,131,4,7,실외,자연/힐링
36705,농다리,367,346,5,10,실외,자연/힐링
36706,종박물관,367,346,6,12,실내,종교/역사/전통
36707,김유신 탄생지,367,346,7,14,실외,종교/역사/전통
36801,법주사,368,226,1,0,실외,종교/역사/전통
36802,선병국가옥,368,226,2,2,실외,종교/역사/전통
36803,정지용문학관,368,337,3,5,실외,문화/예술
36804,육영수 생가,368,337,4,7,실외,종교/역사/전통
36805,옥계폭포,368,332,5,10,실외,자연/힐링
36806,난계국악박물관,368,332,6,12,실내,체험/학습/산업
36807,와인코리아,368,332,7,14,실내,체험/학습/산업
36901,도담삼봉,369,316,1,0,실외,자연/힐링
36902,다누리 아쿠아리움,369,316,2,2,실내,자연/힐링
36903,고수동굴,369,316,3,4,실외,자연/힐링
36904,장회나루,369,316,4,7,실외,자연/힐링
36905,청풍호 관광모노레일,369,221,5,9,실외,자연/힐링
36906,청풍문화재단지,369,221,6,11,실외,종교/역사/전통
37001,청풍문화재단지,370,221,1,0,실외,종교/역사/전통
37002,청풍호 관광모노레일,370,221,2,2,실외,자연/힐링
37003,청풍랜드,370,221,3,4,실외,쇼핑/놀이
37004,한방엑스포공원,370,221,4,7,실내,체험/학습/산업
37005,의림지,370,221,5,9,실외,자연/힐링
37101,감곡매괴성당,371,340,1,0,실내,종교/역사/전통
37102,배론성지,371,221,2,4,실내,종교/역사/전통
37103,청풍문화재단지,371,221,3,6,실외,종교/역사/전통
37104,수안보 온천,371,127,4,9,실내,자연/힐링
37105,연풍성지,371,309,5,11,실내,종교/역사/전통
37106,음성꽃동네,371,340,6,15,실외,종교/역사/전통
37107,배티성지,371,346,7,18,실내,종교/역사/전통
37201,리솜스파캐슬,372,335,1,0,실내,자연/힐링
37202,충의사,372,335,2,2,실외,종교/역사/전통
37203,해미읍성,372,129,3,4,실외,종교/역사/전통
37204,해미성지,372,129,4,6,실외,종교/역사/전통
37301,상록리조트 아쿠아피아,373,232,1,0,실내,자연/힐링
37302,우정박물관,373,232,2,2,실내,종교/역사/전통
37303,각원사,373,232,3,5,실외,종교/역사/전통
37304,천안박물관,373,232,4,7,실내,종교/역사/전통
37401,도고 파라다이스 스파,374,326,1,0,실내,자연/힐링
37402,아산레일바이크,374,326,2,2,실외,자연/힐링
37403,세계꽃식물원,374,326,3,4,실내,자연/힐링
37404,추사고택,374,326,4,6,실외,종교/역사/전통
37405,천연기념물 백송,374,326,5,8,실외,자연/힐링
37501,테딘워터파크,375,232,1,0,실내,자연/힐링
37502,독립기념관,375,232,2,2,실내,종교/역사/전통
37503,유관순열사기념관,375,232,3,4,실내,종교/역사/전통
37601,희리산,376,323,1,0,실외,자연/힐링
37602,서천특화시장,376,323,2,2,실외,쇼핑/놀이
37603,희리산해송자연휴양림,376,323,3,4,실외,자연/힐링
37604,해미읍성,376,129,4,9,실외,종교/역사/전통
37605,해미성지,376,129,5,11,실외,종교/역사/전통
37606,서산동부시장,376,129,6,13,실외,쇼핑/놀이
37607,동문동성당,376,129,7,15,실내,종교/역사/전통
37608,상흥리 공소,376,129,8,17,실외,종교/역사/전통
37609,계암고택,376,129,9,20,실외,종교/역사/전통
37701,봉수산자연휴양림,377,335,1,0,실외,자연/힐링
37702,의좋은형제공원,377,335,2,2,실외,자연/힐링
37703,천장호 출렁다리,377,349,3,5,실외,자연/힐링
37704,칠갑호,377,349,4,7,실외,자연/힐링
37705,무량사,377,236,5,10,실외,종교/역사/전통
37706,성주사지,377,235,6,12,실외,종교/역사/전통
37707,석탄박물관,377,235,7,14,실내,체험/학습/산업
37708,무창포항,377,235,8,17,실외,자연/힐링
37801,솔모랫길,378,352,1,0,실외,자연/힐링
37802,안면도자연휴양림,378,352,2,3,실외,자연/힐링
37803,고남패총박물관,378,352,3,5,실내,종교/역사/전통
37804,영목항,378,352,4,7,실외,자연/힐링
37805,한국고건축박물관,378,335,5,11,실내,종교/역사/전통
37806,리솜스파캐슬,378,335,6,13,실외,자연/힐링
37807,광시암소한우촌,378,335,7,15,실외,자연/힐링
37901,영산강황포돛배,379,313,1,0,실외,자연/힐링
37902,보성차밭,379,258,2,4,실외,자연/힐링
37903,미황사,379,261,3,8,실외,종교/역사/전통
37904,완도,379,170,4,11,실외,자연/힐링
37905,청산도 올레길,379,170,5,15,실외,자연/힐링
38001,순천만,380,174,1,0,실외,자연/힐링
38002,보성녹차밭,380,258,2,4,실외,자연/힐링
38003,전남도립국악단,380,320,3,8,실내,문화/예술
38004,운림산방,380,268,4,11,실내,문화/예술
38005,울돌목 거북배,380,261,5,14,실외,자연/힐링
38006,종합수산시장,380,165,6,16,실외,쇼핑/놀이
38101,죽녹원,381,317,1,0,실외,자연/힐링
38102,메타세콰이어 가로수길,381,317,2,2,실외,자연/힐링
38103,삼지내마을,381,317,3,4,실외,체험/학습/산업
38104,고인돌 공원,381,174,4,7,실외,자연/힐링
38201,전남도립국악단,382,320,1,0,실내,문화/예술
38202,보성녹차밭,382,258,2,4,실외,자연/힐링
38203,낙안읍성민속마을,382,174,3,7,실외,종교/역사/전통
38301,꽃무릇공원,383,358,1,0,실외,자연/힐링
38302,국향대전,383,358,2,2,실외,자연/힐링
38303,녹진전망대,383,268,3,7,실내,자연/힐링
38304,운림산방,383,268,4,9,실내,문화/예술
38305,땅끝전망대,383,261,5,12,실내,자연/힐링
38306,보길도,383,170,6,15,실외,자연/힐링
38401,법성포,384,252,1,0,실외,쇼핑/놀이
38402,유달산,384,165,2,4,실외,자연/힐링
38403,영암 F1경기장,384,333,3,7,실외,캠핑/스포츠
38404,땅끝마을,384,261,4,10,실외,자연/힐링
38501,안동댐,385,136,1,0,실외,자연/힐링
38502,한국국학진흥원,385,136,2,3,실내,문화/예술
38503,도산서원,385,136,3,5,실외,종교/역사/전통
38504,이육사문학관,385,136,4,7,실내,문화/예술
38505,퇴계태실,385,136,5,9,실외,종교/역사/전통
38506,농암종택,385,136,6,11,실외,종교/역사/전통
38507,오천군자리,385,136,7,13,실외,종교/역사/전통
38601,한라생태숲,386,184,1,0,실외,자연/힐링
38602,제주4·3평화공원,386,184,2,2,실외,자연/힐링
38603,노루생태관찰원,386,184,3,4,실외,자연/힐링
38604,절물자연휴양림,386,184,4,6,실외,자연/힐링
38605,국립제주박물관,386,184,5,9,실내,종교/역사/전통
38606,동문재래시장,386,184,6,11,실외,쇼핑/놀이
38607,관덕정,386,184,7,13,실외,종교/역사/전통
38608,용두암,386,184,8,15,실외,자연/힐링
38701,제주도립미술관,387,184,1,0,실내,문화/예술
38702,제주민속자연사박물관,387,184,2,2,실내,종교/역사/전통
38703,국립제주박물관,387,184,3,4,실내,종교/역사/전통
38704,제주해녀박물관,387,184,4,7,실내,종교/역사/전통
38705,김영갑갤러리두모악,387,189,5,10,실내,문화/예술
38706,제주민속촌박물관,387,189,6,13,실내,종교/역사/전통
38707,이중섭미술관,387,189,7,15,실외,문화/예술
38708,서귀포시립기당미술관,387,189,8,17,실내,문화/예술
38709,김정희유배지,387,189,9,20,실외,종교/역사/전통
38710,제주현대미술관,387,184,10,22,실내,문화/예술
38711,제주돌마을공원,387,184,11,24,실외,자연/힐링
38801,오월의 꽃,388,184,1,0,실내,자연/힐링
38802,엉또폭포,388,189,2,3,실외,자연/힐링
38803,한림공원,388,184,3,6,실외,자연/힐링
38804,5.16도로숲터널,388,184,4,9,실외,자연/힐링
38901,우도해양도립공원,389,184,1,0,실외,자연/힐링
38902,제주해녀박물관,389,184,2,2,실내,종교/역사/전통
38903,성산일출봉,389,189,3,5,실외,자연/힐링
38904,일출랜드,389,189,4,7,실외,자연/힐링
38905,토끼섬,389,184,5,10,실외,자연/힐링
38906,세화해안도로,389,184,6,12,실외,자연/힐링
38907,세화해변,389,184,7,14,실외,자연/힐링
38908,하도해변,389,184,8,17,실외,자연/힐링
39001,세화해안도로,390,184,1,0,실외,자연/힐링
39002,세화해변,390,184,2,2,실외,자연/힐링
39003,혼인지,390,189,3,4,실외,종교/역사/전통
39004,섭지코지,390,189,4,7,실외,자연/힐링
39005,만장굴,390,184,5,9,실외,자연/힐링
39006,우도해양도립공원,390,184,6,11,실외,자연/힐링
39007,새섬,390,189,7,15,실외,자연/힐링
39008,제주테디베어박물관,390,189,8,18,실내,문화/예술
39009,제주월드컵경기장,390,189,9,20,실외,캠핑/스포츠
39010,제주유리박물관,390,189,10,22,실내,문화/예술
39101,이중섭미술관,391,189,1,0,실내,문화/예술
39102,외돌개,391,189,2,2,실외,자연/힐링
39103,제주추사관,391,189,3,5,실내,문화/예술
39104,제주향교,391,184,4,8,실내,종교/역사/전통
39105,신양섭지코지 해변,391,189,5,12,실외,자연/힐링
39106,생각하는 정원,391,184,6,16,실외,자연/힐링
39107,제주현대미술관,391,184,7,18,실내,문화/예술
39108,월령선인장자생지,391,184,8,20,실외,자연/힐링
39109,소리섬박물관,391,189,9,23,실내,체험/학습/산업
39110,건강과 성 박물관,391,189,10,25,실내,문화/예술
39201,애월해안도로,392,184,1,0,실외,자연/힐링
39202,한림공원,392,184,2,3,실외,자연/힐링
39203,오설록녹차박물관,392,189,3,5,실내,자연/힐링
39204,소인국테마파크,392,189,4,7,실외,체험/학습/산업
39205,용머리해안,392,189,5,9,실외,자연/힐링
39206,중문관광단지,392,189,6,12,실외,자연/힐링
39207,천지연폭포,392,189,7,14,실외,자연/힐링
39208,남원큰엉,392,189,8,17,실외,자연/힐링
39209,제주민속촌박물관,392,189,9,19,실내,종교/역사/전통
39210,섭지코지,392,189,10,22,실외,자연/힐링
39211,성산일출봉,392,189,11,24,실외,자연/힐링
39301,용두암,393,184,1,0,실외,자연/힐링
39302,함덕해수욕장,393,184,2,3,실외,자연/힐링
39303,만장굴,393,184,3,5,실외,자연/힐링
39304,성산일출봉,393,189,4,7,실외,자연/힐링
39305,섭지코지,393,189,5,10,실외,자연/힐링
39306,일출랜드,393,189,6,12,실외,자연/힐링
39307,성읍민속마을,393,189,7,14,실외,체험/학습/산업
39308,천지연폭포,393,189,8,17,실외,자연/힐링
39309,중문관광단지,393,189,9,19,실외,자연/힐링
39310,산방산,393,189,10,22,실외,자연/힐링
39311,생각하는정원,393,184,11,24,실외,자연/힐링
39312,오설록녹차박물관,393,189,12,26,실외,자연/힐링
39313,소인국테마파크,393,189,13,28,실외,자연/힐링
39314,프시케월드 나비박물관,393,184,14,31,실외,체험/학습/산업
39315,관음사,393,184,15,34,실외,종교/역사/전통
39316,제주민속자연사박물관,393,184,16,36,실내,종교/역사/전통
39317,국립제주박물관,393,184,17,38,실내,종교/역사/전통
39401,시흥초등학교,394,189,1,0,실외,자연/힐링
39402,말미오름,394,189,2,0,실외,자연/힐링
39403,알오름,394,189,3,6,실외,자연/힐링
39404,종달초등학교,394,189,4,12,실외,자연/힐링
39405,종달리 옛 소금밭,394,189,5,13,실외,자연/힐링
39406,목화휴게소,394,189,6,13,실외,자연/힐링
39407,성산갑문입구,394,189,7,14,실외,자연/힐링
39408,수마포,394,189,8,15,실외,자연/힐링
39409,광치기해변,394,189,9,15,실외,자연/힐링
39501,광치기해변,395,189,1,0,실외,자연/힐링
39502,식산봉,395,189,2,1,실외,자연/힐링
39503,족지물,395,189,3,1,실외,자연/힐링
39504,오조리마을회관,395,189,4,1,실외,자연/힐링
39505,홍마트,395,189,5,1,실외,자연/힐링
39506,대수산봉,395,189,6,1,실외,자연/힐링
39507,말 방목장입구,395,189,7,2,실외,자연/힐링
39508,혼인지,395,189,8,3,실외,자연/힐링
39509,온평포구,395,189,9,3,실외,자연/힐링
39601,온평포구,396,189,1,0,실외,자연/힐링
39602,난산리,396,189,2,1,실외,자연/힐링
39603,통오름,396,189,3,2,실외,자연/힐링
39604,독자봉,396,189,4,2,실외,자연/힐링
39605,김영갑갤러리두모악,396,189,5,2,실외,문화/예술
39606,신풍신청 바다목장,396,189,6,3,실외,자연/힐링
39607,배고픈다리,396,189,7,3,실외,자연/힐링
39608,표선해비치 해변,396,189,8,4,실외,자연/힐링
39701,표선해비치 해변/해양수산연구소,397,189,1,0,실외,자연/힐링
39702,해병대길,397,189,2,1,실외,자연/힐링
39703,망오름 정상,397,189,3,2,실외,자연/힐링
39704,영천사/삼석교,397,189,4,2,실외,자연/힐링
39705,남원포구,397,189,5,3,실외,자연/힐링
39801,남원포구,398,189,1,0,실외,자연/힐링
39802,남원큰엉,398,189,2,1,실외,자연/힐링
39803,종정테웃개,398,189,3,2,실외,자연/힐링
39804,동백나무군락/조배머들코지,398,189,4,3,실외,자연/힐링
39805,넙빌레,398,189,5,0,실외,자연/힐링
39806,망장포/예촌망,398,189,6,1,실외,자연/힐링
39807,쇠소깍,398,189,7,4,실외,자연/힐링
39901,쇠소깍,399,189,1,0,실외,자연/힐링
39902,제지기오름,399,189,2,3,실외,자연/힐링
39903,구두미 포구,399,189,3,4,실외,자연/힐링
39904,검은여 쉼터,399,189,4,5,실외,자연/힐링
39905,제주올레사무국&안내국,399,189,5,6,실외,자연/힐링
39906,서귀포 매일올레시장/서귀포항,399,189,6,7,실외,자연/힐링
39907,남성리사거리,399,189,7,7,실외,자연/힐링
39908,삼매봉입구,399,189,8,7,실외,자연/힐링
39909,외돌개,399,189,9,7,실외,자연/힐링
40001,외돌개,400,189,1,0,실외,자연/힐링
40002,돔베낭길,400,189,2,0,실외,자연/힐링
40003,수봉로,400,189,3,1,실외,자연/힐링
40004,법환포구,400,189,4,3,실외,자연/힐링
40005,서건도 앞,400,189,5,3,실외,자연/힐링
40006,강정천,400,189,6,4,실외,자연/힐링
40007,월평포구,400,189,7,6,실외,자연/힐링
40008,월평마을 아왜낭목,400,189,8,6,실외,자연/힐링
40101,월드컵경기장,401,189,1,0,실외,자연/힐링
40102,대신중학교,401,189,2,0,실외,자연/힐링
40103,엉또폭포,401,189,3,1,실외,자연/힐링
40104,고근산 정상,401,189,4,1,실외,자연/힐링
40105,제남아동복지센터,401,189,5,1,실외,자연/힐링
40106,서호초등학교,401,189,6,2,실외,자연/힐링
40107,하논분화구,401,189,7,2,실외,자연/힐링
40108,삼매봉 입구 삼거리,401,189,8,3,실외,자연/힐링
40109,외돌개,401,189,9,3,실외,자연/힐링
40201,월평마을 아왜낭목,402,189,1,0,실외,자연/힐링
40202,약천사,402,189,2,1,실외,자연/힐링
40203,대포포구,402,189,3,3,실외,자연/힐링
40204,주상절리 안내소,402,189,4,5,실외,자연/힐링
40205,베릿네오름 입구,402,189,5,5,실외,자연/힐링
40206,중문색달해변,402,189,6,5,실외,자연/힐링
40207,예래생태공원,402,189,7,6,실외,자연/힐링
40208,논짓물,402,189,8,6,실외,자연/힐링
40209,대평포구,402,189,9,7,실외,자연/힐링
40301,대평포구,403,189,1,0,실외,자연/힐링
40302,몰질,403,189,2,3,실외,자연/힐링
40303,볼레낭길/월라봉,403,189,3,7,실외,자연/힐링
40304,진모르동산,403,189,4,7,실외,자연/힐링
40305,자귀나무 숲길/황개천,403,189,5,8,실외,자연/힐링
40306,화순 금모래해변,403,189,6,8,실외,자연/힐링
40401,화순 금모래해변,404,189,1,0,실외,자연/힐링
40402,산방연대,404,189,2,1,실외,자연/힐링
40403,사계포구,404,189,3,1,실외,자연/힐링
40404,송악산/송악산 전망대,404,189,4,2,실외,자연/힐링
40405,섯알오름4-3희생자 추모비,404,189,5,2,실외,자연/힐링
40406,하모해수욕장/모슬포항,404,189,6,3,실외,자연/힐링
40501,모슬포항,405,189,1,0,실외,자연/힐링
40502,대정여고,405,189,2,0,실외,자연/힐링
40503,모슬봉,405,189,3,1,실외,자연/힐링
40504,정난주 마리아 성지,405,189,4,1,실외,자연/힐링
40505,신평곶자왈,405,189,5,2,실외,자연/힐링
40506,정개왓 광장,405,189,6,3,실외,자연/힐링
40507,효자정려비,405,189,7,3,실외,자연/힐링
40508,무릉 생태학교,405,189,8,4,실외,자연/힐링
40601,무릉 생태학교,406,189,1,0,실외,자연/힐링
40602,신도 생태연못,406,189,2,1,실외,자연/힐링
40603,녹남봉,406,189,3,2,실외,자연/힐링
40604,한장동 마을회관/수월봉,406,184,4,2,실외,자연/힐링
40605,당산봉,406,184,5,3,실외,자연/힐링
40606,생이기정길,406,184,6,3,실외,자연/힐링
40607,용수포구,406,184,7,4,실외,자연/힐링
40701,용수포구,407,184,1,0,실외,자연/힐링
40702,충혼탑사거리/용수저수지,407,184,2,1,실외,자연/힐링
40703,특전사숲길,407,184,3,2,실외,자연/힐링
40704,고사리숲길,407,184,4,3,실외,자연/힐링
40705,낙천리의자마을,407,184,5,3,실외,자연/힐링
40706,저지오름,407,184,6,4,실외,자연/힐링
40707,저지마을 회관,407,184,7,4,실외,자연/힐링
40801,저지마을 회관,408,184,1,0,실외,자연/힐링
40802,큰소낭 숲길,408,184,2,1,실외,자연/힐링
40803,오시록헌 농로,408,184,3,2,실외,자연/힐링
40804,무명천/월령 선인장 자생지,408,184,4,3,실외,자연/힐링
40805,협재해수욕장,408,184,5,3,실외,자연/힐링
40806,옹포포구,408,184,6,4,실외,자연/힐링
40807,한림항 비양도 도항선 선착장,408,184,7,5,실외,자연/힐링
40901,한림항 비양도 도항선 선착장,409,184,1,0,실외,자연/힐링
40902,대수포구,409,184,2,1,실외,자연/힐링
40903,영새성물/선운정사,409,184,3,2,실외,자연/힐링
40904,납읍초등학교 금산공원입구,409,184,4,2,실외,자연/힐링
40905,백일홍길,409,184,5,3,실외,자연/힐링
40906,고내봉 입구,409,184,6,3,실외,자연/힐링
40907,고내포구,409,184,7,4,실외,자연/힐링
41001,고내포구,410,184,1,0,실외,자연/힐링
41002,남두연대,410,184,2,1,실외,자연/힐링
41003,구엄돌염전,410,184,3,1,실외,자연/힐링
41004,수산봉 입구,410,184,4,2,실외,자연/힐링
41005,수산저수지,410,184,5,2,실외,자연/힐링
41006,항몽유적지,410,184,6,3,실외,자연/힐링
41007,청화마을,410,184,7,4,실외,자연/힐링
41008,광령1리 사무소,410,184,8,4,실외,자연/힐링
41101,광령1리 사무소,411,184,1,0,실외,자연/힐링
41102,무수천 숲길,411,184,2,0,실외,자연/힐링
41103,외도월대,411,184,3,1,실외,자연/힐링
41104,이호테우해변,411,184,4,2,실외,자연/힐링
41105,도두봉,411,184,5,3,실외,자연/힐링
41106,레포츠공원,411,184,6,3,실외,자연/힐링
41107,용두암,411,184,7,4,실외,자연/힐링
41108,관덕정,411,184,8,4,실외,자연/힐링
41109,동문로터리 산지천 마당,411,184,9,4,실외,자연/힐링
41201,동문로터리 산지천 마당,412,184,1,0,실외,자연/힐링
41202,제주항,412,184,2,0,실외,자연/힐링
41203,사라봉/화북포구,412,184,3,1,실외,자연/힐링
41204,삼양검은모래해변/불탑사,412,184,4,2,실외,자연/힐링
41205,닭머르동산/대섬,412,184,5,3,실외,자연/힐링
41206,조천 만세동산,412,184,6,4,실외,자연/힐링
41301,추자항,413,184,1,0,실외,자연/힐링
41302,추자등대,413,184,2,16,실외,자연/힐링
41303,묵리교차로,413,184,3,32,실외,자연/힐링
41304,신양항/황경헌의 묘,413,184,4,47,실외,자연/힐링
41305,돈대산,413,184,5,47,실외,자연/힐링
41306,추자교/추자항,413,184,6,63,실외,자연/힐링
41401,조천 만세동산,414,184,1,0,실외,자연/힐링
41402,신흥 해수욕장,414,184,2,0,실외,자연/힐링
41403,함덕 서우봉해변,414,184,3,1,실외,자연/힐링
41404,너븐숭이 4-3기념관,414,184,4,1,실외,자연/힐링
41405,북촌포구 등명대/북촌동굴,414,184,5,2,실외,자연/힐링
41406,동복리 마을 운동장,414,184,6,2,실외,자연/힐링
41407,김녕농로/김녕서포구,414,184,7,4,실외,자연/힐링
41501,김녕서포구,415,184,1,0,실외,자연/힐링
41502,환해장성,415,184,2,2,실외,자연/힐링
41503,월정해수욕장,415,184,3,3,실외,자연/힐링
41504,행원포구,415,184,4,4,실외,자연/힐링
41505,좌가연대,415,184,5,4,실외,자연/힐링
41506,계룡동마을회관,415,184,6,5,실외,자연/힐링
41507,뱅듸길/제주해녀박물관,415,184,7,6,실외,자연/힐링
41602,낯물밭길/별방진,416,184,2,1,실외,자연/힐링
41603,해안도로(석다원),416,184,3,2,실외,자연/힐링
41604,토끼섬/하도해수욕장,416,184,4,3,실외,자연/힐링
41605,지미봉 정상,416,184,5,3,실외,자연/힐링
41606,종달바당,416,184,6,4,실외,자연/힐링
41601,제주해녀박물관,416,184,1,0,실외,자연/힐링
41701,박사마을 선양탑,417,101,1,0,실외,자연/힐링
41702,신매대교,417,101,2,1,실외,자연/힐링
41703,소양2교,417,101,3,2,실외,자연/힐링
41704,소양강처녀상,417,101,4,2,실외,자연/힐링
41705,당간지주,417,101,5,2,실외,자연/힐링
41706,근화동배터,417,101,6,3,실외,자연/힐링
41707,중도 섬둘레길,417,101,7,5,실외,자연/힐링
41708,공지천,417,101,8,5,실외,자연/힐링
41709,황금비늘테마거리,417,101,9,5,실외,자연/힐링
41710,어린이회관,417,101,10,5,실외,자연/힐링
41711,봉화대(라데나콘도),417,101,11,7,실외,자연/힐링
41712,송암리,417,101,12,12,실외,자연/힐링
41713,김유정문학촌,417,101,13,18,실외,자연/힐링
41714,소양댐,417,101,14,23,실외,자연/힐링
41801,구룡사,418,114,1,0,실외,자연/힐링
41802,세렴폭포,418,114,2,1,실외,자연/힐링
41803,비로봉,418,114,3,1,실외,자연/힐링
41804,항로봉,418,114,4,3,실외,자연/힐링
41805,국형사,418,114,5,3,실외,자연/힐링
41806,입석대,418,114,6,4,실외,자연/힐링
41807,비로봉,418,114,7,5,실외,자연/힐링
41901,보현사,419,105,1,0,실외,자연/힐링
41902,명주군완릉,419,105,2,1,실외,자연/힐링
41903,관음리5층석탑,419,105,3,2,실외,자연/힐링
41904,대관령박물관,419,105,4,3,실외,자연/힐링
41905,임경당(상임경당),419,105,5,4,실외,자연/힐링
41906,오봉서원,419,105,6,5,실외,자연/힐링
41907,대관령휴게소,419,105,7,7,실외,자연/힐링
41908,대관령국사성황사 및 산신당,419,105,8,8,실외,자연/힐링
41909,대관령양떼목장,419,105,9,8,실외,자연/힐링
41910,선자령,419,105,10,9,실외,자연/힐링
41911,대공산성,419,105,11,10,실외,자연/힐링
42001,용연동굴,420,216,1,0,실외,자연/힐링
42002,매봉산풍력단지,420,216,2,0,실외,자연/힐링
42003,석탄박물관,420,216,3,4,실외,자연/힐링
42004,검룡소,420,216,4,8,실외,자연/힐링
42101,조양동선사유적지,421,90,1,0,실외,자연/힐링
42102,청대산(떡밭재),421,90,2,1,실외,자연/힐링
42103,엑스포공원 일대,421,90,3,1,실외,자연/힐링
42201,수타사. 공작산 생태숲,422,212,1,0,실외,자연/힐링
42202,홍천생명건강과학관,422,212,2,2,실외,자연/힐링
42203,하이트맥주산업단지,422,212,3,3,실외,자연/힐링
42204,자연환경연구공원,422,212,4,5,실외,자연/힐링
42205,가리산자연휴양림,422,212,5,10,실외,자연/힐링
42301,청령포,423,121,1,0,실외,자연/힐링
42302,영흥리,423,121,2,1,실외,자연/힐링
42303,동강사진박물관,423,121,3,2,실외,자연/힐링
42304,별마로천문대,423,121,4,3,실외,자연/힐링
42305,장릉,423,121,5,4,실외,자연/힐링
42306,선돌,423,121,6,4,실외,자연/힐링
42307,강원도 탄광문화촌,423,121,7,6,실외,자연/힐링
42401,월정사,424,353,1,0,실외,자연/힐링
42402,동파골야영장,424,353,2,1,실외,자연/힐링
42403,상원사,424,353,3,2,실외,자연/힐링
42404,한국자생식물원,424,353,4,5,실외,자연/힐링
42501,두타연,425,328,1,0,실외,자연/힐링
42502,방산자기박물관,425,328,2,1,실외,자연/힐링
42503,국토정중앙천문대,425,328,3,6,실외,자연/힐링
42504,광치자연휴양림,425,328,4,9,실외,자연/힐링
42505,박수근미술관,425,328,5,12,실외,자연/힐링
42506,선사박물관,425,328,6,13,실외,자연/힐링
42507,한반도섬,425,328,7,13,실외,자연/힐링
42508,을지전망대,425,328,8,21,실외,자연/힐링
42509,제4땅굴,425,328,9,21,실외,자연/힐링
42510,전쟁기념관,425,328,10,22,실외,자연/힐링
42511,통일관,425,328,11,29,실외,자연/힐링
42601,화진포 관광지,426,304,1,0,실외,자연/힐링
42602,통일전망대,426,304,2,1,실외,자연/힐링
42603,건봉사,426,304,3,5,실외,자연/힐링
42604,송지호,426,304,4,9,실외,자연/힐링
42605,청간정,426,304,5,12,실외,자연/힐링
42701,아라서해갑문,427,112,1,0,실외,캠핑/스포츠
42702,아라한강갑문,427,108,2,1,실외,캠핑/스포츠
42801,아라한강갑문,428,108,1,0,실외,캠핑/스포츠
42802,여의도 서강대교 남단,428,108,2,1,실외,캠핑/스포츠
42803,뚝섬 전망콜플렉스,428,108,3,2,실외,캠핑/스포츠
42804,광나루 자전거공원,428,108,4,3,실외,캠핑/스포츠
42805,팔당대교,428,314,5,3,실외,캠핑/스포츠
42901,팔당대교,429,314,1,0,실외,캠핑/스포츠
42902,북한강철교,429,314,2,0,실외,캠핑/스포츠
42903,양평군립미술관,429,202,3,2,실외,캠핑/스포츠
42904,이포보,429,331,4,3,실외,캠핑/스포츠
42905,여주보,429,331,5,4,실외,캠핑/스포츠
42906,강천보,429,331,6,4,실외,캠핑/스포츠
42907,비내섬,429,127,7,6,실외,캠핑/스포츠
42908,목행교,429,127,8,7,실외,캠핑/스포츠
42909,탄금대,429,127,9,8,실외,캠핑/스포츠
43001,밝은 광장,430,314,1,0,실외,캠핑/스포츠
43002,샛터삼거리,430,314,2,1,실외,캠핑/스포츠
43003,경강교,430,300,3,3,실외,캠핑/스포츠
43004,의암댐,430,101,4,4,실외,캠핑/스포츠
43005,신매대교,430,101,5,5,실외,캠핑/스포츠
43101,탄금대,431,127,1,0,실외,캠핑/스포츠
43102,수안보온천,431,127,2,1,실외,캠핑/스포츠
43103,이화령 휴게소,431,309,3,2,실외,캠핑/스포츠
43104,불정역,431,273,4,4,실외,캠핑/스포츠
43105,상풍교,431,137,5,5,실외,캠핑/스포츠
43201,상풍교,432,137,1,0,실외,캠핑/스포츠
43202,상주보,432,137,2,0,실외,캠핑/스포츠
43203,낙단보,432,137,3,1,실외,캠핑/스포츠
43204,구미보,432,279,4,3,실외,캠핑/스포츠
43205,칠곡보,432,351,5,5,실외,캠핑/스포츠
43206,강정고령보,432,303,6,6,실외,캠핑/스포츠
43207,달성보,432,303,7,7,실외,캠핑/스포츠
43208,합천창녕보,432,347,8,9,실외,캠핑/스포츠
43209,창녕함안보,432,347,9,11,실외,캠핑/스포츠
43210,물문화관,432,257,10,14,실외,캠핑/스포츠
43211,낙동강 하구둑,432,159,11,16,실외,캠핑/스포츠
43301,안동댐,433,136,1,0,실외,캠핑/스포츠
43302,상풍교,433,137,2,4,실외,캠핑/스포츠
43303,상주보,433,137,3,4,실외,캠핑/스포츠
43304,낙단보,433,137,4,5,실외,캠핑/스포츠
43305,구미보,433,279,5,6,실외,캠핑/스포츠
43306,칠곡보,433,351,6,8,실외,캠핑/스포츠
43307,강정고령보,433,303,7,10,실외,캠핑/스포츠
43308,달성보,433,303,8,11,실외,캠핑/스포츠
43309,합천창녕보,433,347,9,12,실외,캠핑/스포츠
43310,창녕함안보,433,347,10,15,실외,캠핑/스포츠
43311,물문화관,433,257,11,18,실외,캠핑/스포츠
43312,낙동강 하구둑,433,159,12,20,실외,캠핑/스포츠
43401,대청댐,434,131,1,0,실외,캠핑/스포츠
43402,세종보,434,239,2,2,실외,캠핑/스포츠
43403,공주보,434,307,3,3,실외,캠핑/스포츠
43404,백제보,434,349,4,5,실외,캠핑/스포츠
43405,성당포구,434,342,5,6,실외,캠핑/스포츠
43406,금강하구둑,434,323,6,8,실외,캠핑/스포츠
43501,담양댐,435,317,1,0,실외,캠핑/스포츠
43502,메타세쿼이아길,435,317,2,0,실외,캠핑/스포츠
43503,담양대나무숲,435,317,3,1,실외,캠핑/스포츠
43504,승촌보,435,156,4,3,실외,캠핑/스포츠
43505,죽산보,435,313,5,5,실외,캠핑/스포츠
43506,느러지 관람전망대,435,313,6,5,실외,캠핑/스포츠
43507,영산강 하구둑,435,320,7,7,실외,캠핑/스포츠
43601,섬진강생활체육공원(강진교),436,244,1,0,실외,캠핑/스포츠
43602,장군목,436,254,2,1,실외,캠핑/스포츠
43603,향가유원지,436,254,3,2,실외,캠핑/스포츠
43604,횡탄정,436,306,4,3,실외,캠핑/스포츠
43605,사성암,436,310,5,4,실외,캠핑/스포츠
43606,남도대교,436,310,6,6,실외,캠핑/스포츠
43607,매화마을,436,266,7,7,실외,캠핑/스포츠
43608,배알도수변공원,436,266,8,8,실외,캠핑/스포츠
43701,행촌교차로,437,309,1,0,실외,캠핑/스포츠
43702,괴강교,437,309,2,1,실외,캠핑/스포츠
43703,백로공원,437,344,3,3,실외,캠핑/스포츠
43704,무심천교,437,131,4,4,실외,캠핑/스포츠
43705,합강공원,437,239,5,6,실외,캠핑/스포츠
43801,통일전망대,438,304,1,0,실외,캠핑/스포츠
43802,북천철교,438,304,2,1,실외,캠핑/스포츠
43803,봉포해변,438,304,3,3,실외,캠핑/스포츠
43804,영금정,438,90,4,3,실외,캠핑/스포츠
43805,동호해변,438,329,5,5,실외,캠핑/스포츠
43806,지경공원,438,329,6,6,실외,캠핑/스포츠
43807,경포해변,438,105,7,7,실외,캠핑/스포츠
43808,정동진,438,105,8,9,실외,캠핑/스포츠
43809,망상해변,438,106,9,10,실외,캠핑/스포츠
43810,추암촛대바위,438,106,10,11,실외,캠핑/스포츠
43811,한재공원,438,322,11,11,실외,캠핑/스포츠
43812,임원,438,322,12,13,실외,캠핑/스포츠
